"sampleID","sample_date","sample_time","area","transect","plot","medium","depth","Year","DOY","parameter","result_value","unit","constituent","instrument","ddl","detection_FLAG"
"CoBRA2023-44",2023-07-11,11H 16M 0S,"WLD","young",4,"WS",0,2023,192,"pH",7.01,"UNITS","CHEM","Probe",-10,"NONE"
"CoBRA2023-44",2023-07-11,11H 16M 0S,"WLD","young",4,"WS",0,2023,192,"SpC",451,"uS/CM","CHEM","Probe",-10,"NONE"
"CoBRA2023-44",2023-07-11,11H 16M 0S,"WLD","young",4,"WS",0,2023,192,"ORP",190,"MV","CHEM","Probe",-1000,"NONE"
"CoBRA2023-44",2023-07-11,11H 16M 0S,"WLD","young",4,"WS",0,2023,192,"temp",33.7,"C","CHEM","Probe",-10,"NONE"
"CoBRA2023-44",2023-07-11,11H 16M 0S,"WLD","young",4,"WS",0,2023,192,"DOC",6.964968027,"MG/L","C","TOC-L",0.1,"NONE"
"CoBRA2023-44",2023-07-11,11H 16M 0S,"WLD","young",4,"WS",0,2023,192,"TC",39.61960603,"MG/L","C","TOC-L",0.1,"NONE"
"CoBRA2023-44",2023-07-11,11H 16M 0S,"WLD","young",4,"WS",0,2023,192,"Cl",NA,"MG/L","ANION","IC",0.1,NA
"CoBRA2023-44",2023-07-11,11H 16M 0S,"WLD","young",4,"WS",0,2023,192,"SO4",NA,"MG/L","ANION","IC",0.1,NA
"CoBRA2023-44",2023-07-11,11H 16M 0S,"WLD","young",4,"WS",0,2023,192,"NH4",NA,"UG/L","NUTRIENT","NUTRIENT",0.091,NA
"CoBRA2023-44",2023-07-11,11H 16M 0S,"WLD","young",4,"WS",0,2023,192,"SRP",NA,"UG/L","NUTRIENT","NUTRIENT",0.019,NA
"CoBRA2023-44",2023-07-11,11H 16M 0S,"WLD","young",4,"WS",0,2023,192,"NO3",NA,"UG/L","NUTRIENT","NUTRIENT",0.15,NA
"CoBRA2023-44",2023-07-11,11H 16M 0S,"WLD","young",4,"WS",0,2023,192,"Fe_II",0.03,"MG/L","TE","Hach",0.03,"NONE"
"CoBRA2023-44",2023-07-11,11H 16M 0S,"WLD","young",4,"WS",0,2023,192,"Mn_OES",0.25,"MG/L","TE","ICP-OES",0.5,"<"
"CoBRA2023-44",2023-07-11,11H 16M 0S,"WLD","young",4,"WS",0,2023,192,"Fe_OES",0.25,"MG/L","TE","ICP-OES",0.5,"<"
"CoBRA2023-44",2023-07-11,11H 16M 0S,"WLD","young",4,"WS",0,2023,192,"P",0.25,"MG/L","TE","ICP-OES",0.5,"<"
"CoBRA2023-44",2023-07-11,11H 16M 0S,"WLD","young",4,"WS",0,2023,192,"Ca",42.9448865,"MG/L","CATION","ICP-OES",0.5,"NONE"
"CoBRA2023-44",2023-07-11,11H 16M 0S,"WLD","young",4,"WS",0,2023,192,"Mg",14.28206204,"MG/L","CATION","ICP-OES",0.5,"NONE"
"CoBRA2023-44",2023-07-11,11H 16M 0S,"WLD","young",4,"WS",0,2023,192,"Si",15.35,"UG/L","TE","ICP-MS",30.7,"<"
"CoBRA2023-44",2023-07-11,11H 16M 0S,"WLD","young",4,"WS",0,2023,192,"DIC",32.654638003,"MG/L","C","TOC-L",0.1,"NONE"
"CoBRA2023-44",2023-07-11,11H 16M 0S,"WLD","young",4,"WS",0,2023,192,"CaMg",57.22694854,"MG/L","CATION","ICP-OES",0.5,"NONE"
"CoBRA2023-45",2023-07-11,11H 29M 0S,"WLD","young",4,"WI",10,2023,192,"pH",6.52,"UNITS","CHEM","Probe",-10,"NONE"
"CoBRA2023-45",2023-07-11,11H 29M 0S,"WLD","young",4,"WI",10,2023,192,"SpC",972,"uS/CM","CHEM","Probe",-10,"NONE"
"CoBRA2023-45",2023-07-11,11H 29M 0S,"WLD","young",4,"WI",10,2023,192,"ORP",-117,"MV","CHEM","Probe",-1000,"NONE"
"CoBRA2023-45",2023-07-11,11H 29M 0S,"WLD","young",4,"WI",10,2023,192,"temp",31.8,"C","CHEM","Probe",-10,"NONE"
"CoBRA2023-45",2023-07-11,11H 29M 0S,"WLD","young",4,"WI",10,2023,192,"DOC",14.3344796,"MG/L","C","TOC-L",0.1,"NONE"
"CoBRA2023-45",2023-07-11,11H 29M 0S,"WLD","young",4,"WI",10,2023,192,"TC",102.0482062,"MG/L","C","TOC-L",0.1,"NONE"
"CoBRA2023-45",2023-07-11,11H 29M 0S,"WLD","young",4,"WI",10,2023,192,"Cl",NA,"MG/L","ANION","IC",0.1,NA
"CoBRA2023-45",2023-07-11,11H 29M 0S,"WLD","young",4,"WI",10,2023,192,"SO4",NA,"MG/L","ANION","IC",0.1,NA
"CoBRA2023-45",2023-07-11,11H 29M 0S,"WLD","young",4,"WI",10,2023,192,"NH4",NA,"UG/L","NUTRIENT","NUTRIENT",0.091,NA
"CoBRA2023-45",2023-07-11,11H 29M 0S,"WLD","young",4,"WI",10,2023,192,"SRP",NA,"UG/L","NUTRIENT","NUTRIENT",0.019,NA
"CoBRA2023-45",2023-07-11,11H 29M 0S,"WLD","young",4,"WI",10,2023,192,"NO3",NA,"UG/L","NUTRIENT","NUTRIENT",0.15,NA
"CoBRA2023-45",2023-07-11,11H 29M 0S,"WLD","young",4,"WI",10,2023,192,"Fe_II",17,"MG/L","TE","Hach",0.03,"NONE"
"CoBRA2023-45",2023-07-11,11H 29M 0S,"WLD","young",4,"WI",10,2023,192,"Mn_OES",5.612017563,"MG/L","TE","ICP-OES",0.5,"NONE"
"CoBRA2023-45",2023-07-11,11H 29M 0S,"WLD","young",4,"WI",10,2023,192,"Fe_OES",16.64586812,"MG/L","TE","ICP-OES",0.5,"NONE"
"CoBRA2023-45",2023-07-11,11H 29M 0S,"WLD","young",4,"WI",10,2023,192,"P",0.25,"MG/L","TE","ICP-OES",0.5,"<"
"CoBRA2023-45",2023-07-11,11H 29M 0S,"WLD","young",4,"WI",10,2023,192,"Ca",92.5311463,"MG/L","CATION","ICP-OES",0.5,"NONE"
"CoBRA2023-45",2023-07-11,11H 29M 0S,"WLD","young",4,"WI",10,2023,192,"Mg",27.5369599,"MG/L","CATION","ICP-OES",0.5,"NONE"
"CoBRA2023-45",2023-07-11,11H 29M 0S,"WLD","young",4,"WI",10,2023,192,"Si",15.35,"UG/L","TE","ICP-MS",30.7,"<"
"CoBRA2023-45",2023-07-11,11H 29M 0S,"WLD","young",4,"WI",10,2023,192,"DIC",87.7137266,"MG/L","C","TOC-L",0.1,"NONE"
"CoBRA2023-45",2023-07-11,11H 29M 0S,"WLD","young",4,"WI",10,2023,192,"CaMg",120.0681062,"MG/L","CATION","ICP-OES",0.5,"NONE"
"CoBRA2023-46",2023-07-11,11H 41M 0S,"WLD","young",4,"WI",20,2023,192,"pH",6.85,"UNITS","CHEM","Probe",-10,"NONE"
"CoBRA2023-46",2023-07-11,11H 41M 0S,"WLD","young",4,"WI",20,2023,192,"SpC",2490,"uS/CM","CHEM","Probe",-10,"NONE"
"CoBRA2023-46",2023-07-11,11H 41M 0S,"WLD","young",4,"WI",20,2023,192,"ORP",-162,"MV","CHEM","Probe",-1000,"NONE"
"CoBRA2023-46",2023-07-11,11H 41M 0S,"WLD","young",4,"WI",20,2023,192,"temp",32.5,"C","CHEM","Probe",-10,"NONE"
"CoBRA2023-46",2023-07-11,11H 41M 0S,"WLD","young",4,"WI",20,2023,192,"DOC",49.97113472,"MG/L","C","TOC-L",0.1,"NONE"
"CoBRA2023-46",2023-07-11,11H 41M 0S,"WLD","young",4,"WI",20,2023,192,"TC",164.3722359,"MG/L","C","TOC-L",0.1,"NONE"
"CoBRA2023-46",2023-07-11,11H 41M 0S,"WLD","young",4,"WI",20,2023,192,"Cl",NA,"MG/L","ANION","IC",0.1,NA
"CoBRA2023-46",2023-07-11,11H 41M 0S,"WLD","young",4,"WI",20,2023,192,"SO4",NA,"MG/L","ANION","IC",0.1,NA
"CoBRA2023-46",2023-07-11,11H 41M 0S,"WLD","young",4,"WI",20,2023,192,"NH4",NA,"UG/L","NUTRIENT","NUTRIENT",0.091,NA
"CoBRA2023-46",2023-07-11,11H 41M 0S,"WLD","young",4,"WI",20,2023,192,"SRP",NA,"UG/L","NUTRIENT","NUTRIENT",0.019,NA
"CoBRA2023-46",2023-07-11,11H 41M 0S,"WLD","young",4,"WI",20,2023,192,"NO3",NA,"UG/L","NUTRIENT","NUTRIENT",0.15,NA
"CoBRA2023-46",2023-07-11,11H 41M 0S,"WLD","young",4,"WI",20,2023,192,"Fe_II",37.5,"MG/L","TE","Hach",0.03,"NONE"
"CoBRA2023-46",2023-07-11,11H 41M 0S,"WLD","young",4,"WI",20,2023,192,"Mn_OES",12.43052895,"MG/L","TE","ICP-OES",0.5,"NONE"
"CoBRA2023-46",2023-07-11,11H 41M 0S,"WLD","young",4,"WI",20,2023,192,"Fe_OES",46.33817758,"MG/L","TE","ICP-OES",0.5,"NONE"
"CoBRA2023-46",2023-07-11,11H 41M 0S,"WLD","young",4,"WI",20,2023,192,"P",1.300866363,"MG/L","TE","ICP-OES",0.5,"NONE"
"CoBRA2023-46",2023-07-11,11H 41M 0S,"WLD","young",4,"WI",20,2023,192,"Ca",247.6406807,"MG/L","CATION","ICP-OES",0.5,"NONE"
"CoBRA2023-46",2023-07-11,11H 41M 0S,"WLD","young",4,"WI",20,2023,192,"Mg",79.39046989,"MG/L","CATION","ICP-OES",0.5,"NONE"
"CoBRA2023-46",2023-07-11,11H 41M 0S,"WLD","young",4,"WI",20,2023,192,"Si",15.35,"UG/L","TE","ICP-MS",30.7,"<"
"CoBRA2023-46",2023-07-11,11H 41M 0S,"WLD","young",4,"WI",20,2023,192,"DIC",114.40110118,"MG/L","C","TOC-L",0.1,"NONE"
"CoBRA2023-46",2023-07-11,11H 41M 0S,"WLD","young",4,"WI",20,2023,192,"CaMg",327.03115059,"MG/L","CATION","ICP-OES",0.5,"NONE"
"CoBRA2023-47",2023-07-11,11H 56M 0S,"WLD","young",4,"WI",30,2023,192,"pH",6.63,"UNITS","CHEM","Probe",-10,"NONE"
"CoBRA2023-47",2023-07-11,11H 56M 0S,"WLD","young",4,"WI",30,2023,192,"SpC",2860,"uS/CM","CHEM","Probe",-10,"NONE"
"CoBRA2023-47",2023-07-11,11H 56M 0S,"WLD","young",4,"WI",30,2023,192,"ORP",-138,"MV","CHEM","Probe",-1000,"NONE"
"CoBRA2023-47",2023-07-11,11H 56M 0S,"WLD","young",4,"WI",30,2023,192,"temp",32.3,"C","CHEM","Probe",-10,"NONE"
"CoBRA2023-47",2023-07-11,11H 56M 0S,"WLD","young",4,"WI",30,2023,192,"DOC",49.45065899,"MG/L","C","TOC-L",0.1,"NONE"
"CoBRA2023-47",2023-07-11,11H 56M 0S,"WLD","young",4,"WI",30,2023,192,"TC",172.4241659,"MG/L","C","TOC-L",0.1,"NONE"
"CoBRA2023-47",2023-07-11,11H 56M 0S,"WLD","young",4,"WI",30,2023,192,"Cl",NA,"MG/L","ANION","IC",0.1,NA
"CoBRA2023-47",2023-07-11,11H 56M 0S,"WLD","young",4,"WI",30,2023,192,"SO4",NA,"MG/L","ANION","IC",0.1,NA
"CoBRA2023-47",2023-07-11,11H 56M 0S,"WLD","young",4,"WI",30,2023,192,"NH4",NA,"UG/L","NUTRIENT","NUTRIENT",0.091,NA
"CoBRA2023-47",2023-07-11,11H 56M 0S,"WLD","young",4,"WI",30,2023,192,"SRP",NA,"UG/L","NUTRIENT","NUTRIENT",0.019,NA
"CoBRA2023-47",2023-07-11,11H 56M 0S,"WLD","young",4,"WI",30,2023,192,"NO3",NA,"UG/L","NUTRIENT","NUTRIENT",0.15,NA
"CoBRA2023-47",2023-07-11,11H 56M 0S,"WLD","young",4,"WI",30,2023,192,"Fe_II",40,"MG/L","TE","Hach",0.03,"NONE"
"CoBRA2023-47",2023-07-11,11H 56M 0S,"WLD","young",4,"WI",30,2023,192,"Mn_OES",13.26933207,"MG/L","TE","ICP-OES",0.5,"NONE"
"CoBRA2023-47",2023-07-11,11H 56M 0S,"WLD","young",4,"WI",30,2023,192,"Fe_OES",49.64779434,"MG/L","TE","ICP-OES",0.5,"NONE"
"CoBRA2023-47",2023-07-11,11H 56M 0S,"WLD","young",4,"WI",30,2023,192,"P",1.487889445,"MG/L","TE","ICP-OES",0.5,"NONE"
"CoBRA2023-47",2023-07-11,11H 56M 0S,"WLD","young",4,"WI",30,2023,192,"Ca",268.7062748,"MG/L","CATION","ICP-OES",0.5,"NONE"
"CoBRA2023-47",2023-07-11,11H 56M 0S,"WLD","young",4,"WI",30,2023,192,"Mg",87.32039722,"MG/L","CATION","ICP-OES",0.5,"NONE"
"CoBRA2023-47",2023-07-11,11H 56M 0S,"WLD","young",4,"WI",30,2023,192,"Si",15.35,"UG/L","TE","ICP-MS",30.7,"<"
"CoBRA2023-47",2023-07-11,11H 56M 0S,"WLD","young",4,"WI",30,2023,192,"DIC",122.97350691,"MG/L","C","TOC-L",0.1,"NONE"
"CoBRA2023-47",2023-07-11,11H 56M 0S,"WLD","young",4,"WI",30,2023,192,"CaMg",356.02667202,"MG/L","CATION","ICP-OES",0.5,"NONE"
"CoBRA2023-48",2023-07-11,12H 20M 0S,"WLD","young",3,"WS",0,2023,192,"pH",6.7,"UNITS","CHEM","Probe",-10,"NONE"
"CoBRA2023-48",2023-07-11,12H 20M 0S,"WLD","young",3,"WS",0,2023,192,"SpC",482,"uS/CM","CHEM","Probe",-10,"NONE"
"CoBRA2023-48",2023-07-11,12H 20M 0S,"WLD","young",3,"WS",0,2023,192,"ORP",7,"MV","CHEM","Probe",-1000,"NONE"
"CoBRA2023-48",2023-07-11,12H 20M 0S,"WLD","young",3,"WS",0,2023,192,"temp",31.9,"C","CHEM","Probe",-10,"NONE"
"CoBRA2023-48",2023-07-11,12H 20M 0S,"WLD","young",3,"WS",0,2023,192,"DOC",7.315492504,"MG/L","C","TOC-L",0.1,"NONE"
"CoBRA2023-48",2023-07-11,12H 20M 0S,"WLD","young",3,"WS",0,2023,192,"TC",27.81359437,"MG/L","C","TOC-L",0.1,"NONE"
"CoBRA2023-48",2023-07-11,12H 20M 0S,"WLD","young",3,"WS",0,2023,192,"Cl",NA,"MG/L","ANION","IC",0.1,NA
"CoBRA2023-48",2023-07-11,12H 20M 0S,"WLD","young",3,"WS",0,2023,192,"SO4",NA,"MG/L","ANION","IC",0.1,NA
"CoBRA2023-48",2023-07-11,12H 20M 0S,"WLD","young",3,"WS",0,2023,192,"NH4",NA,"UG/L","NUTRIENT","NUTRIENT",0.091,NA
"CoBRA2023-48",2023-07-11,12H 20M 0S,"WLD","young",3,"WS",0,2023,192,"SRP",NA,"UG/L","NUTRIENT","NUTRIENT",0.019,NA
"CoBRA2023-48",2023-07-11,12H 20M 0S,"WLD","young",3,"WS",0,2023,192,"NO3",NA,"UG/L","NUTRIENT","NUTRIENT",0.15,NA
"CoBRA2023-48",2023-07-11,12H 20M 0S,"WLD","young",3,"WS",0,2023,192,"Fe_II",0.015,"MG/L","TE","Hach",0.03,"<"
"CoBRA2023-48",2023-07-11,12H 20M 0S,"WLD","young",3,"WS",0,2023,192,"Mn_OES",0.25,"MG/L","TE","ICP-OES",0.5,"<"
"CoBRA2023-48",2023-07-11,12H 20M 0S,"WLD","young",3,"WS",0,2023,192,"Fe_OES",0.25,"MG/L","TE","ICP-OES",0.5,"<"
"CoBRA2023-48",2023-07-11,12H 20M 0S,"WLD","young",3,"WS",0,2023,192,"P",0.25,"MG/L","TE","ICP-OES",0.5,"<"
"CoBRA2023-48",2023-07-11,12H 20M 0S,"WLD","young",3,"WS",0,2023,192,"Ca",43.72878927,"MG/L","CATION","ICP-OES",0.5,"NONE"
"CoBRA2023-48",2023-07-11,12H 20M 0S,"WLD","young",3,"WS",0,2023,192,"Mg",14.61083897,"MG/L","CATION","ICP-OES",0.5,"NONE"
"CoBRA2023-48",2023-07-11,12H 20M 0S,"WLD","young",3,"WS",0,2023,192,"Si",15.35,"UG/L","TE","ICP-MS",30.7,"<"
"CoBRA2023-48",2023-07-11,12H 20M 0S,"WLD","young",3,"WS",0,2023,192,"DIC",20.498101866,"MG/L","C","TOC-L",0.1,"NONE"
"CoBRA2023-48",2023-07-11,12H 20M 0S,"WLD","young",3,"WS",0,2023,192,"CaMg",58.33962824,"MG/L","CATION","ICP-OES",0.5,"NONE"
"CoBRA2023-49",2023-07-11,12H 29M 0S,"WLD","young",3,"WI",10,2023,192,"pH",6.72,"UNITS","CHEM","Probe",-10,"NONE"
"CoBRA2023-49",2023-07-11,12H 29M 0S,"WLD","young",3,"WI",10,2023,192,"SpC",563,"uS/CM","CHEM","Probe",-10,"NONE"
"CoBRA2023-49",2023-07-11,12H 29M 0S,"WLD","young",3,"WI",10,2023,192,"ORP",-67,"MV","CHEM","Probe",-1000,"NONE"
"CoBRA2023-49",2023-07-11,12H 29M 0S,"WLD","young",3,"WI",10,2023,192,"temp",32,"C","CHEM","Probe",-10,"NONE"
"CoBRA2023-49",2023-07-11,12H 29M 0S,"WLD","young",3,"WI",10,2023,192,"DOC",8.044158537,"MG/L","C","TOC-L",0.1,"NONE"
"CoBRA2023-49",2023-07-11,12H 29M 0S,"WLD","young",3,"WI",10,2023,192,"TC",39.87057527,"MG/L","C","TOC-L",0.1,"NONE"
"CoBRA2023-49",2023-07-11,12H 29M 0S,"WLD","young",3,"WI",10,2023,192,"Cl",NA,"MG/L","ANION","IC",0.1,NA
"CoBRA2023-49",2023-07-11,12H 29M 0S,"WLD","young",3,"WI",10,2023,192,"SO4",NA,"MG/L","ANION","IC",0.1,NA
"CoBRA2023-49",2023-07-11,12H 29M 0S,"WLD","young",3,"WI",10,2023,192,"NH4",NA,"UG/L","NUTRIENT","NUTRIENT",0.091,NA
"CoBRA2023-49",2023-07-11,12H 29M 0S,"WLD","young",3,"WI",10,2023,192,"SRP",NA,"UG/L","NUTRIENT","NUTRIENT",0.019,NA
"CoBRA2023-49",2023-07-11,12H 29M 0S,"WLD","young",3,"WI",10,2023,192,"NO3",NA,"UG/L","NUTRIENT","NUTRIENT",0.15,NA
"CoBRA2023-49",2023-07-11,12H 29M 0S,"WLD","young",3,"WI",10,2023,192,"Fe_II",3.75,"MG/L","TE","Hach",0.03,"NONE"
"CoBRA2023-49",2023-07-11,12H 29M 0S,"WLD","young",3,"WI",10,2023,192,"Mn_OES",1.997148202,"MG/L","TE","ICP-OES",0.5,"NONE"
"CoBRA2023-49",2023-07-11,12H 29M 0S,"WLD","young",3,"WI",10,2023,192,"Fe_OES",4.132055958,"MG/L","TE","ICP-OES",0.5,"NONE"
"CoBRA2023-49",2023-07-11,12H 29M 0S,"WLD","young",3,"WI",10,2023,192,"P",0.25,"MG/L","TE","ICP-OES",0.5,"<"
"CoBRA2023-49",2023-07-11,12H 29M 0S,"WLD","young",3,"WI",10,2023,192,"Ca",48.11103518,"MG/L","CATION","ICP-OES",0.5,"NONE"
"CoBRA2023-49",2023-07-11,12H 29M 0S,"WLD","young",3,"WI",10,2023,192,"Mg",15.55783989,"MG/L","CATION","ICP-OES",0.5,"NONE"
"CoBRA2023-49",2023-07-11,12H 29M 0S,"WLD","young",3,"WI",10,2023,192,"Si",15.35,"UG/L","TE","ICP-MS",30.7,"<"
"CoBRA2023-49",2023-07-11,12H 29M 0S,"WLD","young",3,"WI",10,2023,192,"DIC",31.826416733,"MG/L","C","TOC-L",0.1,"NONE"
"CoBRA2023-49",2023-07-11,12H 29M 0S,"WLD","young",3,"WI",10,2023,192,"CaMg",63.66887507,"MG/L","CATION","ICP-OES",0.5,"NONE"
"CoBRA2023-50",2023-07-11,12H 45M 0S,"WLD","young",3,"WI",30,2023,192,"pH",6.82,"UNITS","CHEM","Probe",-10,"NONE"
"CoBRA2023-50",2023-07-11,12H 45M 0S,"WLD","young",3,"WI",30,2023,192,"SpC",2070,"uS/CM","CHEM","Probe",-10,"NONE"
"CoBRA2023-50",2023-07-11,12H 45M 0S,"WLD","young",3,"WI",30,2023,192,"ORP",-177,"MV","CHEM","Probe",-1000,"NONE"
"CoBRA2023-50",2023-07-11,12H 45M 0S,"WLD","young",3,"WI",30,2023,192,"temp",31.5,"C","CHEM","Probe",-10,"NONE"
"CoBRA2023-50",2023-07-11,12H 45M 0S,"WLD","young",3,"WI",30,2023,192,"DOC",23.44811599,"MG/L","C","TOC-L",0.1,"NONE"
"CoBRA2023-50",2023-07-11,12H 45M 0S,"WLD","young",3,"WI",30,2023,192,"TC",142.7261383,"MG/L","C","TOC-L",0.1,"NONE"
"CoBRA2023-50",2023-07-11,12H 45M 0S,"WLD","young",3,"WI",30,2023,192,"Cl",NA,"MG/L","ANION","IC",0.1,NA
"CoBRA2023-50",2023-07-11,12H 45M 0S,"WLD","young",3,"WI",30,2023,192,"SO4",NA,"MG/L","ANION","IC",0.1,NA
"CoBRA2023-50",2023-07-11,12H 45M 0S,"WLD","young",3,"WI",30,2023,192,"NH4",NA,"UG/L","NUTRIENT","NUTRIENT",0.091,NA
"CoBRA2023-50",2023-07-11,12H 45M 0S,"WLD","young",3,"WI",30,2023,192,"SRP",NA,"UG/L","NUTRIENT","NUTRIENT",0.019,NA
"CoBRA2023-50",2023-07-11,12H 45M 0S,"WLD","young",3,"WI",30,2023,192,"NO3",NA,"UG/L","NUTRIENT","NUTRIENT",0.15,NA
"CoBRA2023-50",2023-07-11,12H 45M 0S,"WLD","young",3,"WI",30,2023,192,"Fe_II",34.5,"MG/L","TE","Hach",0.03,"NONE"
"CoBRA2023-50",2023-07-11,12H 45M 0S,"WLD","young",3,"WI",30,2023,192,"Mn_OES",12.83271476,"MG/L","TE","ICP-OES",0.5,"NONE"
"CoBRA2023-50",2023-07-11,12H 45M 0S,"WLD","young",3,"WI",30,2023,192,"Fe_OES",39.05454536,"MG/L","TE","ICP-OES",0.5,"NONE"
"CoBRA2023-50",2023-07-11,12H 45M 0S,"WLD","young",3,"WI",30,2023,192,"P",0.62031015,"MG/L","TE","ICP-OES",0.5,"NONE"
"CoBRA2023-50",2023-07-11,12H 45M 0S,"WLD","young",3,"WI",30,2023,192,"Ca",196.557404,"MG/L","CATION","ICP-OES",0.5,"NONE"
"CoBRA2023-50",2023-07-11,12H 45M 0S,"WLD","young",3,"WI",30,2023,192,"Mg",63.14439844,"MG/L","CATION","ICP-OES",0.5,"NONE"
"CoBRA2023-50",2023-07-11,12H 45M 0S,"WLD","young",3,"WI",30,2023,192,"Si",15.35,"UG/L","TE","ICP-MS",30.7,"<"
"CoBRA2023-50",2023-07-11,12H 45M 0S,"WLD","young",3,"WI",30,2023,192,"DIC",119.27802231,"MG/L","C","TOC-L",0.1,"NONE"
"CoBRA2023-50",2023-07-11,12H 45M 0S,"WLD","young",3,"WI",30,2023,192,"CaMg",259.70180244,"MG/L","CATION","ICP-OES",0.5,"NONE"
"CoBRA2023-51",2023-07-11,12H 59M 0S,"WLD","young",3,"WI",50,2023,192,"pH",6.81,"UNITS","CHEM","Probe",-10,"NONE"
"CoBRA2023-51",2023-07-11,12H 59M 0S,"WLD","young",3,"WI",50,2023,192,"SpC",1940,"uS/CM","CHEM","Probe",-10,"NONE"
"CoBRA2023-51",2023-07-11,12H 59M 0S,"WLD","young",3,"WI",50,2023,192,"ORP",-169,"MV","CHEM","Probe",-1000,"NONE"
"CoBRA2023-51",2023-07-11,12H 59M 0S,"WLD","young",3,"WI",50,2023,192,"temp",31.4,"C","CHEM","Probe",-10,"NONE"
"CoBRA2023-51",2023-07-11,12H 59M 0S,"WLD","young",3,"WI",50,2023,192,"DOC",20.51645673,"MG/L","C","TOC-L",0.1,"NONE"
"CoBRA2023-51",2023-07-11,12H 59M 0S,"WLD","young",3,"WI",50,2023,192,"TC",154.6471776,"MG/L","C","TOC-L",0.1,"NONE"
"CoBRA2023-51",2023-07-11,12H 59M 0S,"WLD","young",3,"WI",50,2023,192,"Cl",NA,"MG/L","ANION","IC",0.1,NA
"CoBRA2023-51",2023-07-11,12H 59M 0S,"WLD","young",3,"WI",50,2023,192,"SO4",NA,"MG/L","ANION","IC",0.1,NA
"CoBRA2023-51",2023-07-11,12H 59M 0S,"WLD","young",3,"WI",50,2023,192,"NH4",NA,"UG/L","NUTRIENT","NUTRIENT",0.091,NA
"CoBRA2023-51",2023-07-11,12H 59M 0S,"WLD","young",3,"WI",50,2023,192,"SRP",NA,"UG/L","NUTRIENT","NUTRIENT",0.019,NA
"CoBRA2023-51",2023-07-11,12H 59M 0S,"WLD","young",3,"WI",50,2023,192,"NO3",NA,"UG/L","NUTRIENT","NUTRIENT",0.15,NA
"CoBRA2023-51",2023-07-11,12H 59M 0S,"WLD","young",3,"WI",50,2023,192,"Fe_II",41.75,"MG/L","TE","Hach",0.03,"NONE"
"CoBRA2023-51",2023-07-11,12H 59M 0S,"WLD","young",3,"WI",50,2023,192,"Mn_OES",13.40106446,"MG/L","TE","ICP-OES",0.5,"NONE"
"CoBRA2023-51",2023-07-11,12H 59M 0S,"WLD","young",3,"WI",50,2023,192,"Fe_OES",51.32651883,"MG/L","TE","ICP-OES",0.5,"NONE"
"CoBRA2023-51",2023-07-11,12H 59M 0S,"WLD","young",3,"WI",50,2023,192,"P",1.630465683,"MG/L","TE","ICP-OES",0.5,"NONE"
"CoBRA2023-51",2023-07-11,12H 59M 0S,"WLD","young",3,"WI",50,2023,192,"Ca",216.2519158,"MG/L","CATION","ICP-OES",0.5,"NONE"
"CoBRA2023-51",2023-07-11,12H 59M 0S,"WLD","young",3,"WI",50,2023,192,"Mg",68.60752891,"MG/L","CATION","ICP-OES",0.5,"NONE"
"CoBRA2023-51",2023-07-11,12H 59M 0S,"WLD","young",3,"WI",50,2023,192,"Si",15.35,"UG/L","TE","ICP-MS",30.7,"<"
"CoBRA2023-51",2023-07-11,12H 59M 0S,"WLD","young",3,"WI",50,2023,192,"DIC",134.13072087,"MG/L","C","TOC-L",0.1,"NONE"
"CoBRA2023-51",2023-07-11,12H 59M 0S,"WLD","young",3,"WI",50,2023,192,"CaMg",284.85944471,"MG/L","CATION","ICP-OES",0.5,"NONE"
"CoBRA2023-52",2023-07-11,13H 23M 0S,"WLD","young",2,"WI",50,2023,192,"pH",6.72,"UNITS","CHEM","Probe",-10,"NONE"
"CoBRA2023-52",2023-07-11,13H 23M 0S,"WLD","young",2,"WI",50,2023,192,"SpC",1062,"uS/CM","CHEM","Probe",-10,"NONE"
"CoBRA2023-52",2023-07-11,13H 23M 0S,"WLD","young",2,"WI",50,2023,192,"ORP",-148,"MV","CHEM","Probe",-1000,"NONE"
"CoBRA2023-52",2023-07-11,13H 23M 0S,"WLD","young",2,"WI",50,2023,192,"temp",32.9,"C","CHEM","Probe",-10,"NONE"
"CoBRA2023-52",2023-07-11,13H 23M 0S,"WLD","young",2,"WI",50,2023,192,"DOC",9.926368757,"MG/L","C","TOC-L",0.1,"NONE"
"CoBRA2023-52",2023-07-11,13H 23M 0S,"WLD","young",2,"WI",50,2023,192,"TC",64.15184992,"MG/L","C","TOC-L",0.1,"NONE"
"CoBRA2023-52",2023-07-11,13H 23M 0S,"WLD","young",2,"WI",50,2023,192,"Cl",NA,"MG/L","ANION","IC",0.1,NA
"CoBRA2023-52",2023-07-11,13H 23M 0S,"WLD","young",2,"WI",50,2023,192,"SO4",NA,"MG/L","ANION","IC",0.1,NA
"CoBRA2023-52",2023-07-11,13H 23M 0S,"WLD","young",2,"WI",50,2023,192,"NH4",NA,"UG/L","NUTRIENT","NUTRIENT",0.091,NA
"CoBRA2023-52",2023-07-11,13H 23M 0S,"WLD","young",2,"WI",50,2023,192,"SRP",NA,"UG/L","NUTRIENT","NUTRIENT",0.019,NA
"CoBRA2023-52",2023-07-11,13H 23M 0S,"WLD","young",2,"WI",50,2023,192,"NO3",NA,"UG/L","NUTRIENT","NUTRIENT",0.15,NA
"CoBRA2023-52",2023-07-11,13H 23M 0S,"WLD","young",2,"WI",50,2023,192,"Fe_II",16.25,"MG/L","TE","Hach",0.03,"NONE"
"CoBRA2023-52",2023-07-11,13H 23M 0S,"WLD","young",2,"WI",50,2023,192,"Mn_OES",5.686108176,"MG/L","TE","ICP-OES",0.5,"NONE"
"CoBRA2023-52",2023-07-11,13H 23M 0S,"WLD","young",2,"WI",50,2023,192,"Fe_OES",24.7289802,"MG/L","TE","ICP-OES",0.5,"NONE"
"CoBRA2023-52",2023-07-11,13H 23M 0S,"WLD","young",2,"WI",50,2023,192,"P",0.25,"MG/L","TE","ICP-OES",0.5,"<"
"CoBRA2023-52",2023-07-11,13H 23M 0S,"WLD","young",2,"WI",50,2023,192,"Ca",78.45414905,"MG/L","CATION","ICP-OES",0.5,"NONE"
"CoBRA2023-52",2023-07-11,13H 23M 0S,"WLD","young",2,"WI",50,2023,192,"Mg",23.37223913,"MG/L","CATION","ICP-OES",0.5,"NONE"
"CoBRA2023-52",2023-07-11,13H 23M 0S,"WLD","young",2,"WI",50,2023,192,"Si",15.35,"UG/L","TE","ICP-MS",30.7,"<"
"CoBRA2023-52",2023-07-11,13H 23M 0S,"WLD","young",2,"WI",50,2023,192,"DIC",54.225481163,"MG/L","C","TOC-L",0.1,"NONE"
"CoBRA2023-52",2023-07-11,13H 23M 0S,"WLD","young",2,"WI",50,2023,192,"CaMg",101.82638818,"MG/L","CATION","ICP-OES",0.5,"NONE"
"CoBRA2023-53",2023-07-13,9H 22M 0S,"WLD","old",3,"WS",0,2023,194,"pH",7.11,"UNITS","CHEM","Probe",-10,"NONE"
"CoBRA2023-53",2023-07-13,9H 22M 0S,"WLD","old",3,"WS",0,2023,194,"SpC",180,"uS/CM","CHEM","Probe",-10,"NONE"
"CoBRA2023-53",2023-07-13,9H 22M 0S,"WLD","old",3,"WS",0,2023,194,"ORP",63,"MV","CHEM","Probe",-1000,"NONE"
"CoBRA2023-53",2023-07-13,9H 22M 0S,"WLD","old",3,"WS",0,2023,194,"temp",30.2,"C","CHEM","Probe",-10,"NONE"
"CoBRA2023-53",2023-07-13,9H 22M 0S,"WLD","old",3,"WS",0,2023,194,"DOC",13.97333317,"MG/L","C","TOC-L",0.1,"NONE"
"CoBRA2023-53",2023-07-13,9H 22M 0S,"WLD","old",3,"WS",0,2023,194,"TC",38.33338864,"MG/L","C","TOC-L",0.1,"NONE"
"CoBRA2023-53",2023-07-13,9H 22M 0S,"WLD","old",3,"WS",0,2023,194,"Cl",NA,"MG/L","ANION","IC",0.1,NA
"CoBRA2023-53",2023-07-13,9H 22M 0S,"WLD","old",3,"WS",0,2023,194,"SO4",NA,"MG/L","ANION","IC",0.1,NA
"CoBRA2023-53",2023-07-13,9H 22M 0S,"WLD","old",3,"WS",0,2023,194,"NH4",NA,"UG/L","NUTRIENT","NUTRIENT",0.091,NA
"CoBRA2023-53",2023-07-13,9H 22M 0S,"WLD","old",3,"WS",0,2023,194,"SRP",NA,"UG/L","NUTRIENT","NUTRIENT",0.019,NA
"CoBRA2023-53",2023-07-13,9H 22M 0S,"WLD","old",3,"WS",0,2023,194,"NO3",NA,"UG/L","NUTRIENT","NUTRIENT",0.15,NA
"CoBRA2023-53",2023-07-13,9H 22M 0S,"WLD","old",3,"WS",0,2023,194,"Fe_II",0.03,"MG/L","TE","Hach",0.03,"NONE"
"CoBRA2023-53",2023-07-13,9H 22M 0S,"WLD","old",3,"WS",0,2023,194,"Mn_OES",2.692501785,"MG/L","TE","ICP-OES",0.5,"NONE"
"CoBRA2023-53",2023-07-13,9H 22M 0S,"WLD","old",3,"WS",0,2023,194,"Fe_OES",0.25,"MG/L","TE","ICP-OES",0.5,"<"
"CoBRA2023-53",2023-07-13,9H 22M 0S,"WLD","old",3,"WS",0,2023,194,"P",0.25,"MG/L","TE","ICP-OES",0.5,"<"
"CoBRA2023-53",2023-07-13,9H 22M 0S,"WLD","old",3,"WS",0,2023,194,"Ca",37.09340847,"MG/L","CATION","ICP-OES",0.5,"NONE"
"CoBRA2023-53",2023-07-13,9H 22M 0S,"WLD","old",3,"WS",0,2023,194,"Mg",12.9697581,"MG/L","CATION","ICP-OES",0.5,"NONE"
"CoBRA2023-53",2023-07-13,9H 22M 0S,"WLD","old",3,"WS",0,2023,194,"Si",15.35,"UG/L","TE","ICP-MS",30.7,"<"
"CoBRA2023-53",2023-07-13,9H 22M 0S,"WLD","old",3,"WS",0,2023,194,"DIC",24.36005547,"MG/L","C","TOC-L",0.1,"NONE"
"CoBRA2023-53",2023-07-13,9H 22M 0S,"WLD","old",3,"WS",0,2023,194,"CaMg",50.06316657,"MG/L","CATION","ICP-OES",0.5,"NONE"
"CoBRA2023-54",2023-07-13,9H 52M 0S,"WLD","old",3,"WI",50,2023,194,"pH",6.86,"UNITS","CHEM","Probe",-10,"NONE"
"CoBRA2023-54",2023-07-13,9H 52M 0S,"WLD","old",3,"WI",50,2023,194,"SpC",915,"uS/CM","CHEM","Probe",-10,"NONE"
"CoBRA2023-54",2023-07-13,9H 52M 0S,"WLD","old",3,"WI",50,2023,194,"ORP",-163,"MV","CHEM","Probe",-1000,"NONE"
"CoBRA2023-54",2023-07-13,9H 52M 0S,"WLD","old",3,"WI",50,2023,194,"temp",30.4,"C","CHEM","Probe",-10,"NONE"
"CoBRA2023-54",2023-07-13,9H 52M 0S,"WLD","old",3,"WI",50,2023,194,"DOC",11.23286908,"MG/L","C","TOC-L",0.1,"NONE"
"CoBRA2023-54",2023-07-13,9H 52M 0S,"WLD","old",3,"WI",50,2023,194,"TC",97.49938862,"MG/L","C","TOC-L",0.1,"NONE"
"CoBRA2023-54",2023-07-13,9H 52M 0S,"WLD","old",3,"WI",50,2023,194,"Cl",NA,"MG/L","ANION","IC",0.1,NA
"CoBRA2023-54",2023-07-13,9H 52M 0S,"WLD","old",3,"WI",50,2023,194,"SO4",NA,"MG/L","ANION","IC",0.1,NA
"CoBRA2023-54",2023-07-13,9H 52M 0S,"WLD","old",3,"WI",50,2023,194,"NH4",NA,"UG/L","NUTRIENT","NUTRIENT",0.091,NA
"CoBRA2023-54",2023-07-13,9H 52M 0S,"WLD","old",3,"WI",50,2023,194,"SRP",NA,"UG/L","NUTRIENT","NUTRIENT",0.019,NA
"CoBRA2023-54",2023-07-13,9H 52M 0S,"WLD","old",3,"WI",50,2023,194,"NO3",NA,"UG/L","NUTRIENT","NUTRIENT",0.15,NA
"CoBRA2023-54",2023-07-13,9H 52M 0S,"WLD","old",3,"WI",50,2023,194,"Fe_II",60.5,"MG/L","TE","Hach",0.03,"NONE"
"CoBRA2023-54",2023-07-13,9H 52M 0S,"WLD","old",3,"WI",50,2023,194,"Mn_OES",9.880271164,"MG/L","TE","ICP-OES",0.5,"NONE"
"CoBRA2023-54",2023-07-13,9H 52M 0S,"WLD","old",3,"WI",50,2023,194,"Fe_OES",70.5039151,"MG/L","TE","ICP-OES",0.5,"NONE"
"CoBRA2023-54",2023-07-13,9H 52M 0S,"WLD","old",3,"WI",50,2023,194,"P",0.25,"MG/L","TE","ICP-OES",0.5,"<"
"CoBRA2023-54",2023-07-13,9H 52M 0S,"WLD","old",3,"WI",50,2023,194,"Ca",170.0601016,"MG/L","CATION","ICP-OES",0.5,"NONE"
"CoBRA2023-54",2023-07-13,9H 52M 0S,"WLD","old",3,"WI",50,2023,194,"Mg",54.79660995,"MG/L","CATION","ICP-OES",0.5,"NONE"
"CoBRA2023-54",2023-07-13,9H 52M 0S,"WLD","old",3,"WI",50,2023,194,"Si",15.35,"UG/L","TE","ICP-MS",30.7,"<"
"CoBRA2023-54",2023-07-13,9H 52M 0S,"WLD","old",3,"WI",50,2023,194,"DIC",86.26651954,"MG/L","C","TOC-L",0.1,"NONE"
"CoBRA2023-54",2023-07-13,9H 52M 0S,"WLD","old",3,"WI",50,2023,194,"CaMg",224.85671155,"MG/L","CATION","ICP-OES",0.5,"NONE"
"CoBRA2023-55",2023-07-13,10H 15M 0S,"WLD","old",3,"WI",30,2023,194,"pH",6.95,"UNITS","CHEM","Probe",-10,"NONE"
"CoBRA2023-55",2023-07-13,10H 15M 0S,"WLD","old",3,"WI",30,2023,194,"SpC",960,"uS/CM","CHEM","Probe",-10,"NONE"
"CoBRA2023-55",2023-07-13,10H 15M 0S,"WLD","old",3,"WI",30,2023,194,"ORP",-123,"MV","CHEM","Probe",-1000,"NONE"
"CoBRA2023-55",2023-07-13,10H 15M 0S,"WLD","old",3,"WI",30,2023,194,"temp",32.3,"C","CHEM","Probe",-10,"NONE"
"CoBRA2023-55",2023-07-13,10H 15M 0S,"WLD","old",3,"WI",30,2023,194,"DOC",11.88080826,"MG/L","C","TOC-L",0.1,"NONE"
"CoBRA2023-55",2023-07-13,10H 15M 0S,"WLD","old",3,"WI",30,2023,194,"TC",59.11155088,"MG/L","C","TOC-L",0.1,"NONE"
"CoBRA2023-55",2023-07-13,10H 15M 0S,"WLD","old",3,"WI",30,2023,194,"Cl",NA,"MG/L","ANION","IC",0.1,NA
"CoBRA2023-55",2023-07-13,10H 15M 0S,"WLD","old",3,"WI",30,2023,194,"SO4",NA,"MG/L","ANION","IC",0.1,NA
"CoBRA2023-55",2023-07-13,10H 15M 0S,"WLD","old",3,"WI",30,2023,194,"NH4",NA,"UG/L","NUTRIENT","NUTRIENT",0.091,NA
"CoBRA2023-55",2023-07-13,10H 15M 0S,"WLD","old",3,"WI",30,2023,194,"SRP",NA,"UG/L","NUTRIENT","NUTRIENT",0.019,NA
"CoBRA2023-55",2023-07-13,10H 15M 0S,"WLD","old",3,"WI",30,2023,194,"NO3",NA,"UG/L","NUTRIENT","NUTRIENT",0.15,NA
"CoBRA2023-55",2023-07-13,10H 15M 0S,"WLD","old",3,"WI",30,2023,194,"Fe_II",28,"MG/L","TE","Hach",0.03,"NONE"
"CoBRA2023-55",2023-07-13,10H 15M 0S,"WLD","old",3,"WI",30,2023,194,"Mn_OES",6.631168736,"MG/L","TE","ICP-OES",0.5,"NONE"
"CoBRA2023-55",2023-07-13,10H 15M 0S,"WLD","old",3,"WI",30,2023,194,"Fe_OES",27.69467944,"MG/L","TE","ICP-OES",0.5,"NONE"
"CoBRA2023-55",2023-07-13,10H 15M 0S,"WLD","old",3,"WI",30,2023,194,"P",0.25,"MG/L","TE","ICP-OES",0.5,"<"
"CoBRA2023-55",2023-07-13,10H 15M 0S,"WLD","old",3,"WI",30,2023,194,"Ca",97.97490913,"MG/L","CATION","ICP-OES",0.5,"NONE"
"CoBRA2023-55",2023-07-13,10H 15M 0S,"WLD","old",3,"WI",30,2023,194,"Mg",34.62534396,"MG/L","CATION","ICP-OES",0.5,"NONE"
"CoBRA2023-55",2023-07-13,10H 15M 0S,"WLD","old",3,"WI",30,2023,194,"Si",15.35,"UG/L","TE","ICP-MS",30.7,"<"
"CoBRA2023-55",2023-07-13,10H 15M 0S,"WLD","old",3,"WI",30,2023,194,"DIC",47.23074262,"MG/L","C","TOC-L",0.1,"NONE"
"CoBRA2023-55",2023-07-13,10H 15M 0S,"WLD","old",3,"WI",30,2023,194,"CaMg",132.60025309,"MG/L","CATION","ICP-OES",0.5,"NONE"
