"sampleID","sample_date","sample_time","area","tramsect","plot","medium","Year","DOY","parameter","result_value","unit","constituent","ddl","detection_FLAG"
"CoBRA2023-1",2023-03-08,10H 5M 0S,"WLD","young",4,"WI",2023,67,"depth",20,"CM","PHYS",NA,"NONE"
"CoBRA2023-1",2023-03-08,10H 5M 0S,"WLD","young",4,"WI",2023,67,"pH",6.85,"UNITS","CHEM",NA,"NONE"
"CoBRA2023-1",2023-03-08,10H 5M 0S,"WLD","young",4,"WI",2023,67,"SpC",951,"uS/CM","CHEM",NA,"NONE"
"CoBRA2023-1",2023-03-08,10H 5M 0S,"WLD","young",4,"WI",2023,67,"ORP",-165,"MV","CHEM",NA,"NONE"
"CoBRA2023-1",2023-03-08,10H 5M 0S,"WLD","young",4,"WI",2023,67,"temp",31.9,"C","CHEM",NA,"NONE"
"CoBRA2023-1",2023-03-08,10H 5M 0S,"WLD","young",4,"WI",2023,67,"DOC",20.94,"MG/L","C",0.1,"NONE"
"CoBRA2023-1",2023-03-08,10H 5M 0S,"WLD","young",4,"WI",2023,67,"TC",99.971,"MG/L","C",0.1,"NONE"
"CoBRA2023-1",2023-03-08,10H 5M 0S,"WLD","young",4,"WI",2023,67,"Cl",141.35,"MG/L","ANION",0.1,"NONE"
"CoBRA2023-1",2023-03-08,10H 5M 0S,"WLD","young",4,"WI",2023,67,"SO4",6.83,"MG/L","ANION",0.1,"NONE"
"CoBRA2023-1",2023-03-08,10H 5M 0S,"WLD","young",4,"WI",2023,67,"NH4",NA,"MG/L","METALS",NA,NA
"CoBRA2023-1",2023-03-08,10H 5M 0S,"WLD","young",4,"WI",2023,67,"PO4",NA,"MG/L","ANION",0.1,NA
"CoBRA2023-1",2023-03-08,10H 5M 0S,"WLD","young",4,"WI",2023,67,"NO3",NA,"MG/L","ANION",0.1,NA
"CoBRA2023-1",2023-03-08,10H 5M 0S,"WLD","young",4,"WI",2023,67,"Fe_II",20.25,"MG/L","METALS",0.03,"NONE"
"CoBRA2023-1",2023-03-08,10H 5M 0S,"WLD","young",4,"WI",2023,67,"Mn",7.182457049,"MG/L","METALS",0.04,"NONE"
"CoBRA2023-1",2023-03-08,10H 5M 0S,"WLD","young",4,"WI",2023,67,"Fe",24.96243182,"MG/L","METALS",0.04,"NONE"
"CoBRA2023-1",2023-03-08,10H 5M 0S,"WLD","young",4,"WI",2023,67,"Al",0.02,"MG/L","METALS",0.04,"<"
"CoBRA2023-1",2023-03-08,10H 5M 0S,"WLD","young",4,"WI",2023,67,"P",NA,"MG/L","METALS",NA,NA
"CoBRA2023-1",2023-03-08,10H 5M 0S,"WLD","young",4,"WI",2023,67,"Ca",145.4405985,"MG/L","METALS",0.5,"NONE"
"CoBRA2023-1",2023-03-08,10H 5M 0S,"WLD","young",4,"WI",2023,67,"Na",66.91947383,"MG/L","METALS",0.04,"NONE"
"CoBRA2023-1",2023-03-08,10H 5M 0S,"WLD","young",4,"WI",2023,67,"K",1.344530429,"MG/L","METALS",0.04,"NONE"
"CoBRA2023-1",2023-03-08,10H 5M 0S,"WLD","young",4,"WI",2023,67,"Mg",44.23204691,"MG/L","METALS",0.5,"NONE"
"CoBRA2023-1",2023-03-08,10H 5M 0S,"WLD","young",4,"WI",2023,67,"DIC",79.031,"MG/L","C",0.1,"NONE"
"CoBRA2023-2",2023-03-08,10H 30M 0S,"WLD","young",4,"WI",2023,67,"depth",30,"CM","PHYS",NA,"NONE"
"CoBRA2023-2",2023-03-08,10H 30M 0S,"WLD","young",4,"WI",2023,67,"pH",7,"UNITS","CHEM",NA,"NONE"
"CoBRA2023-2",2023-03-08,10H 30M 0S,"WLD","young",4,"WI",2023,67,"SpC",1398,"uS/CM","CHEM",NA,"NONE"
"CoBRA2023-2",2023-03-08,10H 30M 0S,"WLD","young",4,"WI",2023,67,"ORP",-150,"MV","CHEM",NA,"NONE"
"CoBRA2023-2",2023-03-08,10H 30M 0S,"WLD","young",4,"WI",2023,67,"temp",29.2,"C","CHEM",NA,"NONE"
"CoBRA2023-2",2023-03-08,10H 30M 0S,"WLD","young",4,"WI",2023,67,"DOC",32.32,"MG/L","C",0.1,"NONE"
"CoBRA2023-2",2023-03-08,10H 30M 0S,"WLD","young",4,"WI",2023,67,"TC",201.761,"MG/L","C",0.1,"NONE"
"CoBRA2023-2",2023-03-08,10H 30M 0S,"WLD","young",4,"WI",2023,67,"Cl",329.67,"MG/L","ANION",0.1,"NONE"
"CoBRA2023-2",2023-03-08,10H 30M 0S,"WLD","young",4,"WI",2023,67,"SO4",0.05,"MG/L","ANION",0.1,"<"
"CoBRA2023-2",2023-03-08,10H 30M 0S,"WLD","young",4,"WI",2023,67,"NH4",NA,"MG/L","METALS",NA,NA
"CoBRA2023-2",2023-03-08,10H 30M 0S,"WLD","young",4,"WI",2023,67,"PO4",NA,"MG/L","ANION",0.1,NA
"CoBRA2023-2",2023-03-08,10H 30M 0S,"WLD","young",4,"WI",2023,67,"NO3",NA,"MG/L","ANION",0.1,NA
"CoBRA2023-2",2023-03-08,10H 30M 0S,"WLD","young",4,"WI",2023,67,"Fe_II",29.75,"MG/L","METALS",0.03,"NONE"
"CoBRA2023-2",2023-03-08,10H 30M 0S,"WLD","young",4,"WI",2023,67,"Mn",9.052334293,"MG/L","METALS",0.04,"NONE"
"CoBRA2023-2",2023-03-08,10H 30M 0S,"WLD","young",4,"WI",2023,67,"Fe",41.67556001,"MG/L","METALS",0.04,"NONE"
"CoBRA2023-2",2023-03-08,10H 30M 0S,"WLD","young",4,"WI",2023,67,"Al",0.02,"MG/L","METALS",0.04,"<"
"CoBRA2023-2",2023-03-08,10H 30M 0S,"WLD","young",4,"WI",2023,67,"P",NA,"MG/L","METALS",NA,NA
"CoBRA2023-2",2023-03-08,10H 30M 0S,"WLD","young",4,"WI",2023,67,"Ca",279.7498857,"MG/L","METALS",0.5,"NONE"
"CoBRA2023-2",2023-03-08,10H 30M 0S,"WLD","young",4,"WI",2023,67,"Na",131.2592691,"MG/L","METALS",0.04,"NONE"
"CoBRA2023-2",2023-03-08,10H 30M 0S,"WLD","young",4,"WI",2023,67,"K",2.052920834,"MG/L","METALS",0.04,"NONE"
"CoBRA2023-2",2023-03-08,10H 30M 0S,"WLD","young",4,"WI",2023,67,"Mg",92.25056147,"MG/L","METALS",0.5,"NONE"
"CoBRA2023-2",2023-03-08,10H 30M 0S,"WLD","young",4,"WI",2023,67,"DIC",169.441,"MG/L","C",0.1,"NONE"
"CoBRA2023-3",2023-03-08,10H 55M 0S,"WLD","young",4,"WS",2023,67,"depth",0,"CM","PHYS",NA,"NONE"
"CoBRA2023-3",2023-03-08,10H 55M 0S,"WLD","young",4,"WS",2023,67,"pH",7.67,"UNITS","CHEM",NA,"NONE"
"CoBRA2023-3",2023-03-08,10H 55M 0S,"WLD","young",4,"WS",2023,67,"SpC",232,"uS/CM","CHEM",NA,"NONE"
"CoBRA2023-3",2023-03-08,10H 55M 0S,"WLD","young",4,"WS",2023,67,"ORP",3,"MV","CHEM",NA,"NONE"
"CoBRA2023-3",2023-03-08,10H 55M 0S,"WLD","young",4,"WS",2023,67,"temp",32.2,"C","CHEM",NA,"NONE"
"CoBRA2023-3",2023-03-08,10H 55M 0S,"WLD","young",4,"WS",2023,67,"DOC",6.817,"MG/L","C",0.1,"NONE"
"CoBRA2023-3",2023-03-08,10H 55M 0S,"WLD","young",4,"WS",2023,67,"TC",28.285,"MG/L","C",0.1,"NONE"
"CoBRA2023-3",2023-03-08,10H 55M 0S,"WLD","young",4,"WS",2023,67,"Cl",16.56,"MG/L","ANION",0.1,"NONE"
"CoBRA2023-3",2023-03-08,10H 55M 0S,"WLD","young",4,"WS",2023,67,"SO4",17.34,"MG/L","ANION",0.1,"NONE"
"CoBRA2023-3",2023-03-08,10H 55M 0S,"WLD","young",4,"WS",2023,67,"NH4",NA,"MG/L","METALS",NA,NA
"CoBRA2023-3",2023-03-08,10H 55M 0S,"WLD","young",4,"WS",2023,67,"PO4",NA,"MG/L","ANION",0.1,NA
"CoBRA2023-3",2023-03-08,10H 55M 0S,"WLD","young",4,"WS",2023,67,"NO3",NA,"MG/L","ANION",0.1,NA
"CoBRA2023-3",2023-03-08,10H 55M 0S,"WLD","young",4,"WS",2023,67,"Fe_II",0.015,"MG/L","METALS",0.03,"<"
"CoBRA2023-3",2023-03-08,10H 55M 0S,"WLD","young",4,"WS",2023,67,"Mn",2.159137605,"MG/L","METALS",0.04,"NONE"
"CoBRA2023-3",2023-03-08,10H 55M 0S,"WLD","young",4,"WS",2023,67,"Fe",0.02,"MG/L","METALS",0.04,"<"
"CoBRA2023-3",2023-03-08,10H 55M 0S,"WLD","young",4,"WS",2023,67,"Al",0.02,"MG/L","METALS",0.04,"<"
"CoBRA2023-3",2023-03-08,10H 55M 0S,"WLD","young",4,"WS",2023,67,"P",NA,"MG/L","METALS",NA,NA
"CoBRA2023-3",2023-03-08,10H 55M 0S,"WLD","young",4,"WS",2023,67,"Ca",37.30830346,"MG/L","METALS",0.5,"NONE"
"CoBRA2023-3",2023-03-08,10H 55M 0S,"WLD","young",4,"WS",2023,67,"Na",17.19619045,"MG/L","METALS",0.04,"NONE"
"CoBRA2023-3",2023-03-08,10H 55M 0S,"WLD","young",4,"WS",2023,67,"K",3.687893367,"MG/L","METALS",0.04,"NONE"
"CoBRA2023-3",2023-03-08,10H 55M 0S,"WLD","young",4,"WS",2023,67,"Mg",10.32265602,"MG/L","METALS",0.5,"NONE"
"CoBRA2023-3",2023-03-08,10H 55M 0S,"WLD","young",4,"WS",2023,67,"DIC",21.468,"MG/L","C",0.1,"NONE"
"CoBRA2023-4",2023-03-08,11H 16M 0S,"WLD","young",4,"WI",2023,67,"depth",50,"CM","PHYS",NA,"NONE"
"CoBRA2023-4",2023-03-08,11H 16M 0S,"WLD","young",4,"WI",2023,67,"pH",6.97,"UNITS","CHEM",NA,"NONE"
"CoBRA2023-4",2023-03-08,11H 16M 0S,"WLD","young",4,"WI",2023,67,"SpC",2220,"uS/CM","CHEM",NA,"NONE"
"CoBRA2023-4",2023-03-08,11H 16M 0S,"WLD","young",4,"WI",2023,67,"ORP",-128,"MV","CHEM",NA,"NONE"
"CoBRA2023-4",2023-03-08,11H 16M 0S,"WLD","young",4,"WI",2023,67,"temp",26.7,"C","CHEM",NA,"NONE"
"CoBRA2023-4",2023-03-08,11H 16M 0S,"WLD","young",4,"WI",2023,67,"DOC",36.69,"MG/L","C",0.1,"NONE"
"CoBRA2023-4",2023-03-08,11H 16M 0S,"WLD","young",4,"WI",2023,67,"TC",231.215,"MG/L","C",0.1,"NONE"
"CoBRA2023-4",2023-03-08,11H 16M 0S,"WLD","young",4,"WI",2023,67,"Cl",508.74,"MG/L","ANION",0.1,"NONE"
"CoBRA2023-4",2023-03-08,11H 16M 0S,"WLD","young",4,"WI",2023,67,"SO4",0.05,"MG/L","ANION",0.1,"<"
"CoBRA2023-4",2023-03-08,11H 16M 0S,"WLD","young",4,"WI",2023,67,"NH4",NA,"MG/L","METALS",NA,NA
"CoBRA2023-4",2023-03-08,11H 16M 0S,"WLD","young",4,"WI",2023,67,"PO4",NA,"MG/L","ANION",0.1,NA
"CoBRA2023-4",2023-03-08,11H 16M 0S,"WLD","young",4,"WI",2023,67,"NO3",NA,"MG/L","ANION",0.1,NA
"CoBRA2023-4",2023-03-08,11H 16M 0S,"WLD","young",4,"WI",2023,67,"Fe_II",43.25,"MG/L","METALS",0.03,"NONE"
"CoBRA2023-4",2023-03-08,11H 16M 0S,"WLD","young",4,"WI",2023,67,"Mn",9.896057428,"MG/L","METALS",0.04,"NONE"
"CoBRA2023-4",2023-03-08,11H 16M 0S,"WLD","young",4,"WI",2023,67,"Fe",56.81761401,"MG/L","METALS",0.04,"NONE"
"CoBRA2023-4",2023-03-08,11H 16M 0S,"WLD","young",4,"WI",2023,67,"Al",0.02,"MG/L","METALS",0.04,"<"
"CoBRA2023-4",2023-03-08,11H 16M 0S,"WLD","young",4,"WI",2023,67,"P",NA,"MG/L","METALS",NA,NA
"CoBRA2023-4",2023-03-08,11H 16M 0S,"WLD","young",4,"WI",2023,67,"Ca",377.5203829,"MG/L","METALS",0.5,"NONE"
"CoBRA2023-4",2023-03-08,11H 16M 0S,"WLD","young",4,"WI",2023,67,"Na",162.81746,"MG/L","METALS",0.04,"NONE"
"CoBRA2023-4",2023-03-08,11H 16M 0S,"WLD","young",4,"WI",2023,67,"K",3.055437432,"MG/L","METALS",0.04,"NONE"
"CoBRA2023-4",2023-03-08,11H 16M 0S,"WLD","young",4,"WI",2023,67,"Mg",120.0431269,"MG/L","METALS",0.5,"NONE"
"CoBRA2023-4",2023-03-08,11H 16M 0S,"WLD","young",4,"WI",2023,67,"DIC",194.525,"MG/L","C",0.1,"NONE"
"CoBRA2023-5",2023-03-08,11H 35M 0S,"WLD","young",3,"WI",2023,67,"depth",10,"CM","PHYS",NA,"NONE"
"CoBRA2023-5",2023-03-08,11H 35M 0S,"WLD","young",3,"WI",2023,67,"pH",8.04,"UNITS","CHEM",NA,"NONE"
"CoBRA2023-5",2023-03-08,11H 35M 0S,"WLD","young",3,"WI",2023,67,"SpC",246,"uS/CM","CHEM",NA,"NONE"
"CoBRA2023-5",2023-03-08,11H 35M 0S,"WLD","young",3,"WI",2023,67,"ORP",-8,"MV","CHEM",NA,"NONE"
"CoBRA2023-5",2023-03-08,11H 35M 0S,"WLD","young",3,"WI",2023,67,"temp",31.9,"C","CHEM",NA,"NONE"
"CoBRA2023-5",2023-03-08,11H 35M 0S,"WLD","young",3,"WI",2023,67,"DOC",5.896,"MG/L","C",0.1,"NONE"
"CoBRA2023-5",2023-03-08,11H 35M 0S,"WLD","young",3,"WI",2023,67,"TC",22.251,"MG/L","C",0.1,"NONE"
"CoBRA2023-5",2023-03-08,11H 35M 0S,"WLD","young",3,"WI",2023,67,"Cl",17.18,"MG/L","ANION",0.1,"NONE"
"CoBRA2023-5",2023-03-08,11H 35M 0S,"WLD","young",3,"WI",2023,67,"SO4",18.78,"MG/L","ANION",0.1,"NONE"
"CoBRA2023-5",2023-03-08,11H 35M 0S,"WLD","young",3,"WI",2023,67,"NH4",NA,"MG/L","METALS",NA,NA
"CoBRA2023-5",2023-03-08,11H 35M 0S,"WLD","young",3,"WI",2023,67,"PO4",NA,"MG/L","ANION",0.1,NA
"CoBRA2023-5",2023-03-08,11H 35M 0S,"WLD","young",3,"WI",2023,67,"NO3",NA,"MG/L","ANION",0.1,NA
"CoBRA2023-5",2023-03-08,11H 35M 0S,"WLD","young",3,"WI",2023,67,"Fe_II",0.015,"MG/L","METALS",0.03,"<"
"CoBRA2023-5",2023-03-08,11H 35M 0S,"WLD","young",3,"WI",2023,67,"Mn",0.02,"MG/L","METALS",0.04,"<"
"CoBRA2023-5",2023-03-08,11H 35M 0S,"WLD","young",3,"WI",2023,67,"Fe",0.02,"MG/L","METALS",0.04,"<"
"CoBRA2023-5",2023-03-08,11H 35M 0S,"WLD","young",3,"WI",2023,67,"Al",0.02,"MG/L","METALS",0.04,"<"
"CoBRA2023-5",2023-03-08,11H 35M 0S,"WLD","young",3,"WI",2023,67,"P",NA,"MG/L","METALS",NA,NA
"CoBRA2023-5",2023-03-08,11H 35M 0S,"WLD","young",3,"WI",2023,67,"Ca",34.8195829,"MG/L","METALS",0.5,"NONE"
"CoBRA2023-5",2023-03-08,11H 35M 0S,"WLD","young",3,"WI",2023,67,"Na",21.88508693,"MG/L","METALS",0.04,"NONE"
"CoBRA2023-5",2023-03-08,11H 35M 0S,"WLD","young",3,"WI",2023,67,"K",2.648576456,"MG/L","METALS",0.04,"NONE"
"CoBRA2023-5",2023-03-08,11H 35M 0S,"WLD","young",3,"WI",2023,67,"Mg",11.805999,"MG/L","METALS",0.5,"NONE"
"CoBRA2023-5",2023-03-08,11H 35M 0S,"WLD","young",3,"WI",2023,67,"DIC",16.355,"MG/L","C",0.1,"NONE"
"CoBRA2023-6",2023-03-08,11H 54M 0S,"WLD","young",3,"WI",2023,67,"depth",20,"CM","PHYS",NA,"NONE"
"CoBRA2023-6",2023-03-08,11H 54M 0S,"WLD","young",3,"WI",2023,67,"pH",7,"UNITS","CHEM",NA,"NONE"
"CoBRA2023-6",2023-03-08,11H 54M 0S,"WLD","young",3,"WI",2023,67,"SpC",429,"uS/CM","CHEM",NA,"NONE"
"CoBRA2023-6",2023-03-08,11H 54M 0S,"WLD","young",3,"WI",2023,67,"ORP",-93,"MV","CHEM",NA,"NONE"
"CoBRA2023-6",2023-03-08,11H 54M 0S,"WLD","young",3,"WI",2023,67,"temp",32,"C","CHEM",NA,"NONE"
"CoBRA2023-6",2023-03-08,11H 54M 0S,"WLD","young",3,"WI",2023,67,"DOC",6.724,"MG/L","C",0.1,"NONE"
"CoBRA2023-6",2023-03-08,11H 54M 0S,"WLD","young",3,"WI",2023,67,"TC",54.717,"MG/L","C",0.1,"NONE"
"CoBRA2023-6",2023-03-08,11H 54M 0S,"WLD","young",3,"WI",2023,67,"Cl",19.73,"MG/L","ANION",0.1,"NONE"
"CoBRA2023-6",2023-03-08,11H 54M 0S,"WLD","young",3,"WI",2023,67,"SO4",4.19,"MG/L","ANION",0.1,"NONE"
"CoBRA2023-6",2023-03-08,11H 54M 0S,"WLD","young",3,"WI",2023,67,"NH4",NA,"MG/L","METALS",NA,NA
"CoBRA2023-6",2023-03-08,11H 54M 0S,"WLD","young",3,"WI",2023,67,"PO4",NA,"MG/L","ANION",0.1,NA
"CoBRA2023-6",2023-03-08,11H 54M 0S,"WLD","young",3,"WI",2023,67,"NO3",NA,"MG/L","ANION",0.1,NA
"CoBRA2023-6",2023-03-08,11H 54M 0S,"WLD","young",3,"WI",2023,67,"Fe_II",7,"MG/L","METALS",0.03,"NONE"
"CoBRA2023-6",2023-03-08,11H 54M 0S,"WLD","young",3,"WI",2023,67,"Mn",4.388946495,"MG/L","METALS",0.04,"NONE"
"CoBRA2023-6",2023-03-08,11H 54M 0S,"WLD","young",3,"WI",2023,67,"Fe",12.43127758,"MG/L","METALS",0.04,"NONE"
"CoBRA2023-6",2023-03-08,11H 54M 0S,"WLD","young",3,"WI",2023,67,"Al",0.02,"MG/L","METALS",0.04,"<"
"CoBRA2023-6",2023-03-08,11H 54M 0S,"WLD","young",3,"WI",2023,67,"P",NA,"MG/L","METALS",NA,NA
"CoBRA2023-6",2023-03-08,11H 54M 0S,"WLD","young",3,"WI",2023,67,"Ca",62.07664264,"MG/L","METALS",0.5,"NONE"
"CoBRA2023-6",2023-03-08,11H 54M 0S,"WLD","young",3,"WI",2023,67,"Na",27.05340564,"MG/L","METALS",0.04,"NONE"
"CoBRA2023-6",2023-03-08,11H 54M 0S,"WLD","young",3,"WI",2023,67,"K",0.02,"MG/L","METALS",0.04,"<"
"CoBRA2023-6",2023-03-08,11H 54M 0S,"WLD","young",3,"WI",2023,67,"Mg",21.13732304,"MG/L","METALS",0.5,"NONE"
"CoBRA2023-6",2023-03-08,11H 54M 0S,"WLD","young",3,"WI",2023,67,"DIC",47.993,"MG/L","C",0.1,"NONE"
"CoBRA2023-7",2023-03-08,12H 7M 0S,"WLD","young",3,"WI",2023,67,"depth",30,"CM","PHYS",NA,"NONE"
"CoBRA2023-7",2023-03-08,12H 7M 0S,"WLD","young",3,"WI",2023,67,"pH",6.88,"UNITS","CHEM",NA,"NONE"
"CoBRA2023-7",2023-03-08,12H 7M 0S,"WLD","young",3,"WI",2023,67,"SpC",1311,"uS/CM","CHEM",NA,"NONE"
"CoBRA2023-7",2023-03-08,12H 7M 0S,"WLD","young",3,"WI",2023,67,"ORP",-110,"MV","CHEM",NA,"NONE"
"CoBRA2023-7",2023-03-08,12H 7M 0S,"WLD","young",3,"WI",2023,67,"temp",30.2,"C","CHEM",NA,"NONE"
"CoBRA2023-7",2023-03-08,12H 7M 0S,"WLD","young",3,"WI",2023,67,"DOC",15.11,"MG/L","C",0.1,"NONE"
"CoBRA2023-7",2023-03-08,12H 7M 0S,"WLD","young",3,"WI",2023,67,"TC",167.32,"MG/L","C",0.1,"NONE"
"CoBRA2023-7",2023-03-08,12H 7M 0S,"WLD","young",3,"WI",2023,67,"Cl",153.1,"MG/L","ANION",0.1,"NONE"
"CoBRA2023-7",2023-03-08,12H 7M 0S,"WLD","young",3,"WI",2023,67,"SO4",0.05,"MG/L","ANION",0.1,"<"
"CoBRA2023-7",2023-03-08,12H 7M 0S,"WLD","young",3,"WI",2023,67,"NH4",NA,"MG/L","METALS",NA,NA
"CoBRA2023-7",2023-03-08,12H 7M 0S,"WLD","young",3,"WI",2023,67,"PO4",NA,"MG/L","ANION",0.1,NA
"CoBRA2023-7",2023-03-08,12H 7M 0S,"WLD","young",3,"WI",2023,67,"NO3",NA,"MG/L","ANION",0.1,NA
"CoBRA2023-7",2023-03-08,12H 7M 0S,"WLD","young",3,"WI",2023,67,"Fe_II",44.25,"MG/L","METALS",0.03,"NONE"
"CoBRA2023-7",2023-03-08,12H 7M 0S,"WLD","young",3,"WI",2023,67,"Mn",17.04811471,"MG/L","METALS",0.04,"NONE"
"CoBRA2023-7",2023-03-08,12H 7M 0S,"WLD","young",3,"WI",2023,67,"Fe",54.49065109,"MG/L","METALS",0.04,"NONE"
"CoBRA2023-7",2023-03-08,12H 7M 0S,"WLD","young",3,"WI",2023,67,"Al",0.02,"MG/L","METALS",0.04,"<"
"CoBRA2023-7",2023-03-08,12H 7M 0S,"WLD","young",3,"WI",2023,67,"P",NA,"MG/L","METALS",NA,NA
"CoBRA2023-7",2023-03-08,12H 7M 0S,"WLD","young",3,"WI",2023,67,"Ca",218.6302125,"MG/L","METALS",0.5,"NONE"
"CoBRA2023-7",2023-03-08,12H 7M 0S,"WLD","young",3,"WI",2023,67,"Na",68.06988013,"MG/L","METALS",0.04,"NONE"
"CoBRA2023-7",2023-03-08,12H 7M 0S,"WLD","young",3,"WI",2023,67,"K",1.654968142,"MG/L","METALS",0.04,"NONE"
"CoBRA2023-7",2023-03-08,12H 7M 0S,"WLD","young",3,"WI",2023,67,"Mg",69.29385325,"MG/L","METALS",0.5,"NONE"
"CoBRA2023-7",2023-03-08,12H 7M 0S,"WLD","young",3,"WI",2023,67,"DIC",152.21,"MG/L","C",0.1,"NONE"
"CoBRA2023-8",2023-03-08,12H 20M 0S,"WLD","young",3,"WI",2023,67,"depth",50,"CM","PHYS",NA,"NONE"
"CoBRA2023-8",2023-03-08,12H 20M 0S,"WLD","young",3,"WI",2023,67,"pH",6.98,"UNITS","CHEM",NA,"NONE"
"CoBRA2023-8",2023-03-08,12H 20M 0S,"WLD","young",3,"WI",2023,67,"SpC",2130,"uS/CM","CHEM",NA,"NONE"
"CoBRA2023-8",2023-03-08,12H 20M 0S,"WLD","young",3,"WI",2023,67,"ORP",-143,"MV","CHEM",NA,"NONE"
"CoBRA2023-8",2023-03-08,12H 20M 0S,"WLD","young",3,"WI",2023,67,"temp",31.8,"C","CHEM",NA,"NONE"
"CoBRA2023-8",2023-03-08,12H 20M 0S,"WLD","young",3,"WI",2023,67,"DOC",26.38,"MG/L","C",0.1,"NONE"
"CoBRA2023-8",2023-03-08,12H 20M 0S,"WLD","young",3,"WI",2023,67,"TC",253.185,"MG/L","C",0.1,"NONE"
"CoBRA2023-8",2023-03-08,12H 20M 0S,"WLD","young",3,"WI",2023,67,"Cl",365.81,"MG/L","ANION",0.1,"NONE"
"CoBRA2023-8",2023-03-08,12H 20M 0S,"WLD","young",3,"WI",2023,67,"SO4",0.05,"MG/L","ANION",0.1,"<"
"CoBRA2023-8",2023-03-08,12H 20M 0S,"WLD","young",3,"WI",2023,67,"NH4",NA,"MG/L","METALS",NA,NA
"CoBRA2023-8",2023-03-08,12H 20M 0S,"WLD","young",3,"WI",2023,67,"PO4",NA,"MG/L","ANION",0.1,NA
"CoBRA2023-8",2023-03-08,12H 20M 0S,"WLD","young",3,"WI",2023,67,"NO3",NA,"MG/L","ANION",0.1,NA
"CoBRA2023-8",2023-03-08,12H 20M 0S,"WLD","young",3,"WI",2023,67,"Fe_II",64.5,"MG/L","METALS",0.03,"NONE"
"CoBRA2023-8",2023-03-08,12H 20M 0S,"WLD","young",3,"WI",2023,67,"Mn",22.04100064,"MG/L","METALS",0.04,"NONE"
"CoBRA2023-8",2023-03-08,12H 20M 0S,"WLD","young",3,"WI",2023,67,"Fe",77.39569868,"MG/L","METALS",0.04,"NONE"
"CoBRA2023-8",2023-03-08,12H 20M 0S,"WLD","young",3,"WI",2023,67,"Al",0.02,"MG/L","METALS",0.04,"<"
"CoBRA2023-8",2023-03-08,12H 20M 0S,"WLD","young",3,"WI",2023,67,"P",NA,"MG/L","METALS",NA,NA
"CoBRA2023-8",2023-03-08,12H 20M 0S,"WLD","young",3,"WI",2023,67,"Ca",288.8234541,"MG/L","METALS",0.5,"NONE"
"CoBRA2023-8",2023-03-08,12H 20M 0S,"WLD","young",3,"WI",2023,67,"Na",105.5407438,"MG/L","METALS",0.04,"NONE"
"CoBRA2023-8",2023-03-08,12H 20M 0S,"WLD","young",3,"WI",2023,67,"K",5.967591633,"MG/L","METALS",0.04,"NONE"
"CoBRA2023-8",2023-03-08,12H 20M 0S,"WLD","young",3,"WI",2023,67,"Mg",104.1366107,"MG/L","METALS",0.5,"NONE"
"CoBRA2023-8",2023-03-08,12H 20M 0S,"WLD","young",3,"WI",2023,67,"DIC",226.805,"MG/L","C",0.1,"NONE"
"CoBRA2023-9",2023-03-08,12H 36M 0S,"WLD","young",2,"WI",2023,67,"depth",10,"CM","PHYS",NA,"NONE"
"CoBRA2023-9",2023-03-08,12H 36M 0S,"WLD","young",2,"WI",2023,67,"pH",7.57,"UNITS","CHEM",NA,"NONE"
"CoBRA2023-9",2023-03-08,12H 36M 0S,"WLD","young",2,"WI",2023,67,"SpC",294,"uS/CM","CHEM",NA,"NONE"
"CoBRA2023-9",2023-03-08,12H 36M 0S,"WLD","young",2,"WI",2023,67,"ORP",4,"MV","CHEM",NA,"NONE"
"CoBRA2023-9",2023-03-08,12H 36M 0S,"WLD","young",2,"WI",2023,67,"temp",29.7,"C","CHEM",NA,"NONE"
"CoBRA2023-9",2023-03-08,12H 36M 0S,"WLD","young",2,"WI",2023,67,"DOC",5.475,"MG/L","C",0.1,"NONE"
"CoBRA2023-9",2023-03-08,12H 36M 0S,"WLD","young",2,"WI",2023,67,"TC",35.183,"MG/L","C",0.1,"NONE"
"CoBRA2023-9",2023-03-08,12H 36M 0S,"WLD","young",2,"WI",2023,67,"Cl",14.28,"MG/L","ANION",0.1,"NONE"
"CoBRA2023-9",2023-03-08,12H 36M 0S,"WLD","young",2,"WI",2023,67,"SO4",11.97,"MG/L","ANION",0.1,"NONE"
"CoBRA2023-9",2023-03-08,12H 36M 0S,"WLD","young",2,"WI",2023,67,"NH4",NA,"MG/L","METALS",NA,NA
"CoBRA2023-9",2023-03-08,12H 36M 0S,"WLD","young",2,"WI",2023,67,"PO4",NA,"MG/L","ANION",0.1,NA
"CoBRA2023-9",2023-03-08,12H 36M 0S,"WLD","young",2,"WI",2023,67,"NO3",NA,"MG/L","ANION",0.1,NA
"CoBRA2023-9",2023-03-08,12H 36M 0S,"WLD","young",2,"WI",2023,67,"Fe_II",0.015,"MG/L","METALS",0.03,"<"
"CoBRA2023-9",2023-03-08,12H 36M 0S,"WLD","young",2,"WI",2023,67,"Mn",1.329791125,"MG/L","METALS",0.04,"NONE"
"CoBRA2023-9",2023-03-08,12H 36M 0S,"WLD","young",2,"WI",2023,67,"Fe",0.02,"MG/L","METALS",0.04,"<"
"CoBRA2023-9",2023-03-08,12H 36M 0S,"WLD","young",2,"WI",2023,67,"Al",0.02,"MG/L","METALS",0.04,"<"
"CoBRA2023-9",2023-03-08,12H 36M 0S,"WLD","young",2,"WI",2023,67,"P",NA,"MG/L","METALS",NA,NA
"CoBRA2023-9",2023-03-08,12H 36M 0S,"WLD","young",2,"WI",2023,67,"Ca",41.21975917,"MG/L","METALS",0.5,"NONE"
"CoBRA2023-9",2023-03-08,12H 36M 0S,"WLD","young",2,"WI",2023,67,"Na",28.20465512,"MG/L","METALS",0.04,"NONE"
"CoBRA2023-9",2023-03-08,12H 36M 0S,"WLD","young",2,"WI",2023,67,"K",2.985272184,"MG/L","METALS",0.04,"NONE"
"CoBRA2023-9",2023-03-08,12H 36M 0S,"WLD","young",2,"WI",2023,67,"Mg",15.9896108,"MG/L","METALS",0.5,"NONE"
"CoBRA2023-9",2023-03-08,12H 36M 0S,"WLD","young",2,"WI",2023,67,"DIC",29.708,"MG/L","C",0.1,"NONE"
"CoBRA2023-10",2023-03-08,12H 51M 0S,"WLD","young",2,"WI",2023,67,"depth",20,"CM","PHYS",NA,"NONE"
"CoBRA2023-10",2023-03-08,12H 51M 0S,"WLD","young",2,"WI",2023,67,"pH",7.12,"UNITS","CHEM",NA,"NONE"
"CoBRA2023-10",2023-03-08,12H 51M 0S,"WLD","young",2,"WI",2023,67,"SpC",338,"uS/CM","CHEM",NA,"NONE"
"CoBRA2023-10",2023-03-08,12H 51M 0S,"WLD","young",2,"WI",2023,67,"ORP",-114,"MV","CHEM",NA,"NONE"
"CoBRA2023-10",2023-03-08,12H 51M 0S,"WLD","young",2,"WI",2023,67,"temp",30.2,"C","CHEM",NA,"NONE"
"CoBRA2023-10",2023-03-08,12H 51M 0S,"WLD","young",2,"WI",2023,67,"DOC",6.824,"MG/L","C",0.1,"NONE"
"CoBRA2023-10",2023-03-08,12H 51M 0S,"WLD","young",2,"WI",2023,67,"TC",39.836,"MG/L","C",0.1,"NONE"
"CoBRA2023-10",2023-03-08,12H 51M 0S,"WLD","young",2,"WI",2023,67,"Cl",16.28,"MG/L","ANION",0.1,"NONE"
"CoBRA2023-10",2023-03-08,12H 51M 0S,"WLD","young",2,"WI",2023,67,"SO4",7.22,"MG/L","ANION",0.1,"NONE"
"CoBRA2023-10",2023-03-08,12H 51M 0S,"WLD","young",2,"WI",2023,67,"NH4",NA,"MG/L","METALS",NA,NA
"CoBRA2023-10",2023-03-08,12H 51M 0S,"WLD","young",2,"WI",2023,67,"PO4",NA,"MG/L","ANION",0.1,NA
"CoBRA2023-10",2023-03-08,12H 51M 0S,"WLD","young",2,"WI",2023,67,"NO3",NA,"MG/L","ANION",0.1,NA
"CoBRA2023-10",2023-03-08,12H 51M 0S,"WLD","young",2,"WI",2023,67,"Fe_II",10.75,"MG/L","METALS",0.03,"NONE"
"CoBRA2023-10",2023-03-08,12H 51M 0S,"WLD","young",2,"WI",2023,67,"Mn",3.284300605,"MG/L","METALS",0.04,"NONE"
"CoBRA2023-10",2023-03-08,12H 51M 0S,"WLD","young",2,"WI",2023,67,"Fe",13.72462356,"MG/L","METALS",0.04,"NONE"
"CoBRA2023-10",2023-03-08,12H 51M 0S,"WLD","young",2,"WI",2023,67,"Al",0.02,"MG/L","METALS",0.04,"<"
"CoBRA2023-10",2023-03-08,12H 51M 0S,"WLD","young",2,"WI",2023,67,"P",NA,"MG/L","METALS",NA,NA
"CoBRA2023-10",2023-03-08,12H 51M 0S,"WLD","young",2,"WI",2023,67,"Ca",43.30090391,"MG/L","METALS",0.5,"NONE"
"CoBRA2023-10",2023-03-08,12H 51M 0S,"WLD","young",2,"WI",2023,67,"Na",19.60177491,"MG/L","METALS",0.04,"NONE"
"CoBRA2023-10",2023-03-08,12H 51M 0S,"WLD","young",2,"WI",2023,67,"K",1.484088927,"MG/L","METALS",0.04,"NONE"
"CoBRA2023-10",2023-03-08,12H 51M 0S,"WLD","young",2,"WI",2023,67,"Mg",13.70316946,"MG/L","METALS",0.5,"NONE"
"CoBRA2023-10",2023-03-08,12H 51M 0S,"WLD","young",2,"WI",2023,67,"DIC",33.012,"MG/L","C",0.1,"NONE"
"CoBRA2023-11",2023-03-08,13H 5M 0S,"WLD","young",2,"WI",2023,67,"depth",30,"CM","PHYS",NA,"NONE"
"CoBRA2023-11",2023-03-08,13H 5M 0S,"WLD","young",2,"WI",2023,67,"pH",6.98,"UNITS","CHEM",NA,"NONE"
"CoBRA2023-11",2023-03-08,13H 5M 0S,"WLD","young",2,"WI",2023,67,"SpC",335,"uS/CM","CHEM",NA,"NONE"
"CoBRA2023-11",2023-03-08,13H 5M 0S,"WLD","young",2,"WI",2023,67,"ORP",-115,"MV","CHEM",NA,"NONE"
"CoBRA2023-11",2023-03-08,13H 5M 0S,"WLD","young",2,"WI",2023,67,"temp",30.2,"C","CHEM",NA,"NONE"
"CoBRA2023-11",2023-03-08,13H 5M 0S,"WLD","young",2,"WI",2023,67,"DOC",8.185,"MG/L","C",0.1,"NONE"
"CoBRA2023-11",2023-03-08,13H 5M 0S,"WLD","young",2,"WI",2023,67,"TC",33.38,"MG/L","C",0.1,"NONE"
"CoBRA2023-11",2023-03-08,13H 5M 0S,"WLD","young",2,"WI",2023,67,"Cl",17.45,"MG/L","ANION",0.1,"NONE"
"CoBRA2023-11",2023-03-08,13H 5M 0S,"WLD","young",2,"WI",2023,67,"SO4",4.51,"MG/L","ANION",0.1,"NONE"
"CoBRA2023-11",2023-03-08,13H 5M 0S,"WLD","young",2,"WI",2023,67,"NH4",NA,"MG/L","METALS",NA,NA
"CoBRA2023-11",2023-03-08,13H 5M 0S,"WLD","young",2,"WI",2023,67,"PO4",NA,"MG/L","ANION",0.1,NA
"CoBRA2023-11",2023-03-08,13H 5M 0S,"WLD","young",2,"WI",2023,67,"NO3",NA,"MG/L","ANION",0.1,NA
"CoBRA2023-11",2023-03-08,13H 5M 0S,"WLD","young",2,"WI",2023,67,"Fe_II",12.5,"MG/L","METALS",0.03,"NONE"
"CoBRA2023-11",2023-03-08,13H 5M 0S,"WLD","young",2,"WI",2023,67,"Mn",4.4271837,"MG/L","METALS",0.04,"NONE"
"CoBRA2023-11",2023-03-08,13H 5M 0S,"WLD","young",2,"WI",2023,67,"Fe",17.54909695,"MG/L","METALS",0.04,"NONE"
"CoBRA2023-11",2023-03-08,13H 5M 0S,"WLD","young",2,"WI",2023,67,"Al",0.02,"MG/L","METALS",0.04,"<"
"CoBRA2023-11",2023-03-08,13H 5M 0S,"WLD","young",2,"WI",2023,67,"P",NA,"MG/L","METALS",NA,NA
"CoBRA2023-11",2023-03-08,13H 5M 0S,"WLD","young",2,"WI",2023,67,"Ca",48.67234108,"MG/L","METALS",0.5,"NONE"
"CoBRA2023-11",2023-03-08,13H 5M 0S,"WLD","young",2,"WI",2023,67,"Na",21.52298917,"MG/L","METALS",0.04,"NONE"
"CoBRA2023-11",2023-03-08,13H 5M 0S,"WLD","young",2,"WI",2023,67,"K",0.02,"MG/L","METALS",0.04,"<"
"CoBRA2023-11",2023-03-08,13H 5M 0S,"WLD","young",2,"WI",2023,67,"Mg",14.98026242,"MG/L","METALS",0.5,"NONE"
"CoBRA2023-11",2023-03-08,13H 5M 0S,"WLD","young",2,"WI",2023,67,"DIC",25.195,"MG/L","C",0.1,"NONE"
"CoBRA2023-12",2023-03-08,13H 20M 0S,"WLD","young",2,"WI",2023,67,"depth",50,"CM","PHYS",NA,"NONE"
"CoBRA2023-12",2023-03-08,13H 20M 0S,"WLD","young",2,"WI",2023,67,"pH",6.94,"UNITS","CHEM",NA,"NONE"
"CoBRA2023-12",2023-03-08,13H 20M 0S,"WLD","young",2,"WI",2023,67,"SpC",413,"uS/CM","CHEM",NA,"NONE"
"CoBRA2023-12",2023-03-08,13H 20M 0S,"WLD","young",2,"WI",2023,67,"ORP",-87,"MV","CHEM",NA,"NONE"
"CoBRA2023-12",2023-03-08,13H 20M 0S,"WLD","young",2,"WI",2023,67,"temp",29.8,"C","CHEM",NA,"NONE"
"CoBRA2023-12",2023-03-08,13H 20M 0S,"WLD","young",2,"WI",2023,67,"DOC",7.794,"MG/L","C",0.1,"NONE"
"CoBRA2023-12",2023-03-08,13H 20M 0S,"WLD","young",2,"WI",2023,67,"TC",55.743,"MG/L","C",0.1,"NONE"
"CoBRA2023-12",2023-03-08,13H 20M 0S,"WLD","young",2,"WI",2023,67,"Cl",18.81,"MG/L","ANION",0.1,"NONE"
"CoBRA2023-12",2023-03-08,13H 20M 0S,"WLD","young",2,"WI",2023,67,"SO4",1.26,"MG/L","ANION",0.1,"NONE"
"CoBRA2023-12",2023-03-08,13H 20M 0S,"WLD","young",2,"WI",2023,67,"NH4",NA,"MG/L","METALS",NA,NA
"CoBRA2023-12",2023-03-08,13H 20M 0S,"WLD","young",2,"WI",2023,67,"PO4",NA,"MG/L","ANION",0.1,NA
"CoBRA2023-12",2023-03-08,13H 20M 0S,"WLD","young",2,"WI",2023,67,"NO3",NA,"MG/L","ANION",0.1,NA
"CoBRA2023-12",2023-03-08,13H 20M 0S,"WLD","young",2,"WI",2023,67,"Fe_II",18.75,"MG/L","METALS",0.03,"NONE"
"CoBRA2023-12",2023-03-08,13H 20M 0S,"WLD","young",2,"WI",2023,67,"Mn",5.229367046,"MG/L","METALS",0.04,"NONE"
"CoBRA2023-12",2023-03-08,13H 20M 0S,"WLD","young",2,"WI",2023,67,"Fe",24.17023671,"MG/L","METALS",0.04,"NONE"
"CoBRA2023-12",2023-03-08,13H 20M 0S,"WLD","young",2,"WI",2023,67,"Al",0.02,"MG/L","METALS",0.04,"<"
"CoBRA2023-12",2023-03-08,13H 20M 0S,"WLD","young",2,"WI",2023,67,"P",NA,"MG/L","METALS",NA,NA
"CoBRA2023-12",2023-03-08,13H 20M 0S,"WLD","young",2,"WI",2023,67,"Ca",59.38498744,"MG/L","METALS",0.5,"NONE"
"CoBRA2023-12",2023-03-08,13H 20M 0S,"WLD","young",2,"WI",2023,67,"Na",26.66015462,"MG/L","METALS",0.04,"NONE"
"CoBRA2023-12",2023-03-08,13H 20M 0S,"WLD","young",2,"WI",2023,67,"K",0.02,"MG/L","METALS",0.04,"<"
"CoBRA2023-12",2023-03-08,13H 20M 0S,"WLD","young",2,"WI",2023,67,"Mg",17.63596236,"MG/L","METALS",0.5,"NONE"
"CoBRA2023-12",2023-03-08,13H 20M 0S,"WLD","young",2,"WI",2023,67,"DIC",47.949,"MG/L","C",0.1,"NONE"
"CoBRA2023-13",2023-03-08,13H 44M 0S,"WLD","young",1,"WI",2023,67,"depth",10,"CM","PHYS",NA,"NONE"
"CoBRA2023-13",2023-03-08,13H 44M 0S,"WLD","young",1,"WI",2023,67,"pH",7.4,"UNITS","CHEM",NA,"NONE"
"CoBRA2023-13",2023-03-08,13H 44M 0S,"WLD","young",1,"WI",2023,67,"SpC",298,"uS/CM","CHEM",NA,"NONE"
"CoBRA2023-13",2023-03-08,13H 44M 0S,"WLD","young",1,"WI",2023,67,"ORP",21,"MV","CHEM",NA,"NONE"
"CoBRA2023-13",2023-03-08,13H 44M 0S,"WLD","young",1,"WI",2023,67,"temp",27.4,"C","CHEM",NA,"NONE"
"CoBRA2023-13",2023-03-08,13H 44M 0S,"WLD","young",1,"WI",2023,67,"DOC",4.566,"MG/L","C",0.1,"NONE"
"CoBRA2023-13",2023-03-08,13H 44M 0S,"WLD","young",1,"WI",2023,67,"TC",26.346,"MG/L","C",0.1,"NONE"
"CoBRA2023-13",2023-03-08,13H 44M 0S,"WLD","young",1,"WI",2023,67,"Cl",14.11,"MG/L","ANION",0.1,"NONE"
"CoBRA2023-13",2023-03-08,13H 44M 0S,"WLD","young",1,"WI",2023,67,"SO4",18.95,"MG/L","ANION",0.1,"NONE"
"CoBRA2023-13",2023-03-08,13H 44M 0S,"WLD","young",1,"WI",2023,67,"NH4",NA,"MG/L","METALS",NA,NA
"CoBRA2023-13",2023-03-08,13H 44M 0S,"WLD","young",1,"WI",2023,67,"PO4",NA,"MG/L","ANION",0.1,NA
"CoBRA2023-13",2023-03-08,13H 44M 0S,"WLD","young",1,"WI",2023,67,"NO3",NA,"MG/L","ANION",0.1,NA
"CoBRA2023-13",2023-03-08,13H 44M 0S,"WLD","young",1,"WI",2023,67,"Fe_II",0.25,"MG/L","METALS",0.03,"NONE"
"CoBRA2023-13",2023-03-08,13H 44M 0S,"WLD","young",1,"WI",2023,67,"Mn",0.02,"MG/L","METALS",0.04,"<"
"CoBRA2023-13",2023-03-08,13H 44M 0S,"WLD","young",1,"WI",2023,67,"Fe",0.02,"MG/L","METALS",0.04,"<"
"CoBRA2023-13",2023-03-08,13H 44M 0S,"WLD","young",1,"WI",2023,67,"Al",0.02,"MG/L","METALS",0.04,"<"
"CoBRA2023-13",2023-03-08,13H 44M 0S,"WLD","young",1,"WI",2023,67,"P",NA,"MG/L","METALS",NA,NA
"CoBRA2023-13",2023-03-08,13H 44M 0S,"WLD","young",1,"WI",2023,67,"Ca",44.75161396,"MG/L","METALS",0.5,"NONE"
"CoBRA2023-13",2023-03-08,13H 44M 0S,"WLD","young",1,"WI",2023,67,"Na",21.81282746,"MG/L","METALS",0.04,"NONE"
"CoBRA2023-13",2023-03-08,13H 44M 0S,"WLD","young",1,"WI",2023,67,"K",1.8828338,"MG/L","METALS",0.04,"NONE"
"CoBRA2023-13",2023-03-08,13H 44M 0S,"WLD","young",1,"WI",2023,67,"Mg",16.59426548,"MG/L","METALS",0.5,"NONE"
"CoBRA2023-13",2023-03-08,13H 44M 0S,"WLD","young",1,"WI",2023,67,"DIC",21.78,"MG/L","C",0.1,"NONE"
"CoBRA2023-14",2023-03-08,13H 49M 0S,"WLD","young",4,"WI",2023,67,"depth",10,"CM","PHYS",NA,"NONE"
"CoBRA2023-14",2023-03-08,13H 49M 0S,"WLD","young",4,"WI",2023,67,"pH",7.5,"UNITS","CHEM",NA,"NONE"
"CoBRA2023-14",2023-03-08,13H 49M 0S,"WLD","young",4,"WI",2023,67,"SpC",125,"uS/CM","CHEM",NA,"NONE"
"CoBRA2023-14",2023-03-08,13H 49M 0S,"WLD","young",4,"WI",2023,67,"ORP",31,"MV","CHEM",NA,"NONE"
"CoBRA2023-14",2023-03-08,13H 49M 0S,"WLD","young",4,"WI",2023,67,"temp",28.8,"C","CHEM",NA,"NONE"
"CoBRA2023-14",2023-03-08,13H 49M 0S,"WLD","young",4,"WI",2023,67,"DOC",8.001,"MG/L","C",0.1,"NONE"
"CoBRA2023-14",2023-03-08,13H 49M 0S,"WLD","young",4,"WI",2023,67,"TC",29.936,"MG/L","C",0.1,"NONE"
"CoBRA2023-14",2023-03-08,13H 49M 0S,"WLD","young",4,"WI",2023,67,"Cl",21.28,"MG/L","ANION",0.1,"NONE"
"CoBRA2023-14",2023-03-08,13H 49M 0S,"WLD","young",4,"WI",2023,67,"SO4",16.09,"MG/L","ANION",0.1,"NONE"
"CoBRA2023-14",2023-03-08,13H 49M 0S,"WLD","young",4,"WI",2023,67,"NH4",NA,"MG/L","METALS",NA,NA
"CoBRA2023-14",2023-03-08,13H 49M 0S,"WLD","young",4,"WI",2023,67,"PO4",NA,"MG/L","ANION",0.1,NA
"CoBRA2023-14",2023-03-08,13H 49M 0S,"WLD","young",4,"WI",2023,67,"NO3",NA,"MG/L","ANION",0.1,NA
"CoBRA2023-14",2023-03-08,13H 49M 0S,"WLD","young",4,"WI",2023,67,"Fe_II",0.75,"MG/L","METALS",0.03,"NONE"
"CoBRA2023-14",2023-03-08,13H 49M 0S,"WLD","young",4,"WI",2023,67,"Mn",2.116220926,"MG/L","METALS",0.04,"NONE"
"CoBRA2023-14",2023-03-08,13H 49M 0S,"WLD","young",4,"WI",2023,67,"Fe",0.02,"MG/L","METALS",0.04,"<"
"CoBRA2023-14",2023-03-08,13H 49M 0S,"WLD","young",4,"WI",2023,67,"Al",0.02,"MG/L","METALS",0.04,"<"
"CoBRA2023-14",2023-03-08,13H 49M 0S,"WLD","young",4,"WI",2023,67,"P",NA,"MG/L","METALS",NA,NA
"CoBRA2023-14",2023-03-08,13H 49M 0S,"WLD","young",4,"WI",2023,67,"Ca",37.78826417,"MG/L","METALS",0.5,"NONE"
"CoBRA2023-14",2023-03-08,13H 49M 0S,"WLD","young",4,"WI",2023,67,"Na",19.12377366,"MG/L","METALS",0.04,"NONE"
"CoBRA2023-14",2023-03-08,13H 49M 0S,"WLD","young",4,"WI",2023,67,"K",4.070403805,"MG/L","METALS",0.04,"NONE"
"CoBRA2023-14",2023-03-08,13H 49M 0S,"WLD","young",4,"WI",2023,67,"Mg",10.48775163,"MG/L","METALS",0.5,"NONE"
"CoBRA2023-14",2023-03-08,13H 49M 0S,"WLD","young",4,"WI",2023,67,"DIC",21.935,"MG/L","C",0.1,"NONE"
"CoBRA2023-15",2023-03-08,14H 10M 0S,"WLD","young",1,"WI",2023,67,"depth",20,"CM","PHYS",NA,"NONE"
"CoBRA2023-15",2023-03-08,14H 10M 0S,"WLD","young",1,"WI",2023,67,"pH",7.23,"UNITS","CHEM",NA,"NONE"
"CoBRA2023-15",2023-03-08,14H 10M 0S,"WLD","young",1,"WI",2023,67,"SpC",314,"uS/CM","CHEM",NA,"NONE"
"CoBRA2023-15",2023-03-08,14H 10M 0S,"WLD","young",1,"WI",2023,67,"ORP",35,"MV","CHEM",NA,"NONE"
"CoBRA2023-15",2023-03-08,14H 10M 0S,"WLD","young",1,"WI",2023,67,"temp",28.8,"C","CHEM",NA,"NONE"
"CoBRA2023-15",2023-03-08,14H 10M 0S,"WLD","young",1,"WI",2023,67,"DOC",5.574,"MG/L","C",0.1,"NONE"
"CoBRA2023-15",2023-03-08,14H 10M 0S,"WLD","young",1,"WI",2023,67,"TC",36.44,"MG/L","C",0.1,"NONE"
"CoBRA2023-15",2023-03-08,14H 10M 0S,"WLD","young",1,"WI",2023,67,"Cl",13.56,"MG/L","ANION",0.1,"NONE"
"CoBRA2023-15",2023-03-08,14H 10M 0S,"WLD","young",1,"WI",2023,67,"SO4",14.15,"MG/L","ANION",0.1,"NONE"
"CoBRA2023-15",2023-03-08,14H 10M 0S,"WLD","young",1,"WI",2023,67,"NH4",NA,"MG/L","METALS",NA,NA
"CoBRA2023-15",2023-03-08,14H 10M 0S,"WLD","young",1,"WI",2023,67,"PO4",NA,"MG/L","ANION",0.1,NA
"CoBRA2023-15",2023-03-08,14H 10M 0S,"WLD","young",1,"WI",2023,67,"NO3",NA,"MG/L","ANION",0.1,NA
"CoBRA2023-15",2023-03-08,14H 10M 0S,"WLD","young",1,"WI",2023,67,"Fe_II",2,"MG/L","METALS",0.03,"NONE"
"CoBRA2023-15",2023-03-08,14H 10M 0S,"WLD","young",1,"WI",2023,67,"Mn",2.277791677,"MG/L","METALS",0.04,"NONE"
"CoBRA2023-15",2023-03-08,14H 10M 0S,"WLD","young",1,"WI",2023,67,"Fe",1.731937939,"MG/L","METALS",0.04,"NONE"
"CoBRA2023-15",2023-03-08,14H 10M 0S,"WLD","young",1,"WI",2023,67,"Al",0.02,"MG/L","METALS",0.04,"<"
"CoBRA2023-15",2023-03-08,14H 10M 0S,"WLD","young",1,"WI",2023,67,"P",NA,"MG/L","METALS",NA,NA
"CoBRA2023-15",2023-03-08,14H 10M 0S,"WLD","young",1,"WI",2023,67,"Ca",41.62123427,"MG/L","METALS",0.5,"NONE"
"CoBRA2023-15",2023-03-08,14H 10M 0S,"WLD","young",1,"WI",2023,67,"Na",19.77436204,"MG/L","METALS",0.04,"NONE"
"CoBRA2023-15",2023-03-08,14H 10M 0S,"WLD","young",1,"WI",2023,67,"K",1.428372536,"MG/L","METALS",0.04,"NONE"
"CoBRA2023-15",2023-03-08,14H 10M 0S,"WLD","young",1,"WI",2023,67,"Mg",15.17423586,"MG/L","METALS",0.5,"NONE"
"CoBRA2023-15",2023-03-08,14H 10M 0S,"WLD","young",1,"WI",2023,67,"DIC",30.866,"MG/L","C",0.1,"NONE"
"CoBRA2023-16",2023-03-08,14H 28M 0S,"WLD","young",1,"WI",2023,67,"depth",30,"CM","PHYS",NA,"NONE"
"CoBRA2023-16",2023-03-08,14H 28M 0S,"WLD","young",1,"WI",2023,67,"pH",7.02,"UNITS","CHEM",NA,"NONE"
"CoBRA2023-16",2023-03-08,14H 28M 0S,"WLD","young",1,"WI",2023,67,"SpC",378,"uS/CM","CHEM",NA,"NONE"
"CoBRA2023-16",2023-03-08,14H 28M 0S,"WLD","young",1,"WI",2023,67,"ORP",-60,"MV","CHEM",NA,"NONE"
"CoBRA2023-16",2023-03-08,14H 28M 0S,"WLD","young",1,"WI",2023,67,"temp",28.7,"C","CHEM",NA,"NONE"
"CoBRA2023-16",2023-03-08,14H 28M 0S,"WLD","young",1,"WI",2023,67,"DOC",6.571,"MG/L","C",0.1,"NONE"
"CoBRA2023-16",2023-03-08,14H 28M 0S,"WLD","young",1,"WI",2023,67,"TC",48.413,"MG/L","C",0.1,"NONE"
"CoBRA2023-16",2023-03-08,14H 28M 0S,"WLD","young",1,"WI",2023,67,"Cl",12.09,"MG/L","ANION",0.1,"NONE"
"CoBRA2023-16",2023-03-08,14H 28M 0S,"WLD","young",1,"WI",2023,67,"SO4",4.1,"MG/L","ANION",0.1,"NONE"
"CoBRA2023-16",2023-03-08,14H 28M 0S,"WLD","young",1,"WI",2023,67,"NH4",NA,"MG/L","METALS",NA,NA
"CoBRA2023-16",2023-03-08,14H 28M 0S,"WLD","young",1,"WI",2023,67,"PO4",NA,"MG/L","ANION",0.1,NA
"CoBRA2023-16",2023-03-08,14H 28M 0S,"WLD","young",1,"WI",2023,67,"NO3",NA,"MG/L","ANION",0.1,NA
"CoBRA2023-16",2023-03-08,14H 28M 0S,"WLD","young",1,"WI",2023,67,"Fe_II",4.75,"MG/L","METALS",0.03,"NONE"
"CoBRA2023-16",2023-03-08,14H 28M 0S,"WLD","young",1,"WI",2023,67,"Mn",6.43124584,"MG/L","METALS",0.04,"NONE"
"CoBRA2023-16",2023-03-08,14H 28M 0S,"WLD","young",1,"WI",2023,67,"Fe",7.390531071,"MG/L","METALS",0.04,"NONE"
"CoBRA2023-16",2023-03-08,14H 28M 0S,"WLD","young",1,"WI",2023,67,"Al",0.02,"MG/L","METALS",0.04,"<"
"CoBRA2023-16",2023-03-08,14H 28M 0S,"WLD","young",1,"WI",2023,67,"P",NA,"MG/L","METALS",NA,NA
"CoBRA2023-16",2023-03-08,14H 28M 0S,"WLD","young",1,"WI",2023,67,"Ca",60.59,"MG/L","METALS",0.5,"NONE"
"CoBRA2023-16",2023-03-08,14H 28M 0S,"WLD","young",1,"WI",2023,67,"Na",26.01539358,"MG/L","METALS",0.04,"NONE"
"CoBRA2023-16",2023-03-08,14H 28M 0S,"WLD","young",1,"WI",2023,67,"K",0.02,"MG/L","METALS",0.04,"<"
"CoBRA2023-16",2023-03-08,14H 28M 0S,"WLD","young",1,"WI",2023,67,"Mg",21.91725731,"MG/L","METALS",0.5,"NONE"
"CoBRA2023-16",2023-03-08,14H 28M 0S,"WLD","young",1,"WI",2023,67,"DIC",41.842,"MG/L","C",0.1,"NONE"
"CoBRA2023-17",2023-03-08,14H 52M 0S,"WLD","young",1,"WI",2023,67,"depth",50,"CM","PHYS",NA,"NONE"
"CoBRA2023-17",2023-03-08,14H 52M 0S,"WLD","young",1,"WI",2023,67,"pH",6.83,"UNITS","CHEM",NA,"NONE"
"CoBRA2023-17",2023-03-08,14H 52M 0S,"WLD","young",1,"WI",2023,67,"SpC",248,"uS/CM","CHEM",NA,"NONE"
"CoBRA2023-17",2023-03-08,14H 52M 0S,"WLD","young",1,"WI",2023,67,"ORP",-62,"MV","CHEM",NA,"NONE"
"CoBRA2023-17",2023-03-08,14H 52M 0S,"WLD","young",1,"WI",2023,67,"temp",27.3,"C","CHEM",NA,"NONE"
"CoBRA2023-17",2023-03-08,14H 52M 0S,"WLD","young",1,"WI",2023,67,"DOC",8.09,"MG/L","C",0.1,"NONE"
"CoBRA2023-17",2023-03-08,14H 52M 0S,"WLD","young",1,"WI",2023,67,"TC",73.118,"MG/L","C",0.1,"NONE"
"CoBRA2023-17",2023-03-08,14H 52M 0S,"WLD","young",1,"WI",2023,67,"Cl",19.65,"MG/L","ANION",0.1,"NONE"
"CoBRA2023-17",2023-03-08,14H 52M 0S,"WLD","young",1,"WI",2023,67,"SO4",1.55,"MG/L","ANION",0.1,"NONE"
"CoBRA2023-17",2023-03-08,14H 52M 0S,"WLD","young",1,"WI",2023,67,"NH4",NA,"MG/L","METALS",NA,NA
"CoBRA2023-17",2023-03-08,14H 52M 0S,"WLD","young",1,"WI",2023,67,"PO4",NA,"MG/L","ANION",0.1,NA
"CoBRA2023-17",2023-03-08,14H 52M 0S,"WLD","young",1,"WI",2023,67,"NO3",NA,"MG/L","ANION",0.1,NA
"CoBRA2023-17",2023-03-08,14H 52M 0S,"WLD","young",1,"WI",2023,67,"Fe_II",28.75,"MG/L","METALS",0.03,"NONE"
"CoBRA2023-17",2023-03-08,14H 52M 0S,"WLD","young",1,"WI",2023,67,"Mn",7.388071917,"MG/L","METALS",0.04,"NONE"
"CoBRA2023-17",2023-03-08,14H 52M 0S,"WLD","young",1,"WI",2023,67,"Fe",34.43778644,"MG/L","METALS",0.04,"NONE"
"CoBRA2023-17",2023-03-08,14H 52M 0S,"WLD","young",1,"WI",2023,67,"Al",0.02,"MG/L","METALS",0.04,"<"
"CoBRA2023-17",2023-03-08,14H 52M 0S,"WLD","young",1,"WI",2023,67,"P",NA,"MG/L","METALS",NA,NA
"CoBRA2023-17",2023-03-08,14H 52M 0S,"WLD","young",1,"WI",2023,67,"Ca",76.75682339,"MG/L","METALS",0.5,"NONE"
"CoBRA2023-17",2023-03-08,14H 52M 0S,"WLD","young",1,"WI",2023,67,"Na",33.32591353,"MG/L","METALS",0.04,"NONE"
"CoBRA2023-17",2023-03-08,14H 52M 0S,"WLD","young",1,"WI",2023,67,"K",0.02,"MG/L","METALS",0.04,"<"
"CoBRA2023-17",2023-03-08,14H 52M 0S,"WLD","young",1,"WI",2023,67,"Mg",23.08112302,"MG/L","METALS",0.5,"NONE"
"CoBRA2023-17",2023-03-08,14H 52M 0S,"WLD","young",1,"WI",2023,67,"DIC",65.028,"MG/L","C",0.1,"NONE"
"CoBRA2023-18",2023-03-09,11H 19M 0S,"WLD","old",1,"WI",2023,68,"depth",10,"CM","PHYS",NA,"NONE"
"CoBRA2023-18",2023-03-09,11H 19M 0S,"WLD","old",1,"WI",2023,68,"pH",6.86,"UNITS","CHEM",NA,"NONE"
"CoBRA2023-18",2023-03-09,11H 19M 0S,"WLD","old",1,"WI",2023,68,"SpC",845,"uS/CM","CHEM",NA,"NONE"
"CoBRA2023-18",2023-03-09,11H 19M 0S,"WLD","old",1,"WI",2023,68,"ORP",15,"MV","CHEM",NA,"NONE"
"CoBRA2023-18",2023-03-09,11H 19M 0S,"WLD","old",1,"WI",2023,68,"temp",30.8,"C","CHEM",NA,"NONE"
"CoBRA2023-18",2023-03-09,11H 19M 0S,"WLD","old",1,"WI",2023,68,"DOC",14.74,"MG/L","C",0.1,"NONE"
"CoBRA2023-18",2023-03-09,11H 19M 0S,"WLD","old",1,"WI",2023,68,"TC",98.436,"MG/L","C",0.1,"NONE"
"CoBRA2023-18",2023-03-09,11H 19M 0S,"WLD","old",1,"WI",2023,68,"Cl",50.35,"MG/L","ANION",0.1,"NONE"
"CoBRA2023-18",2023-03-09,11H 19M 0S,"WLD","old",1,"WI",2023,68,"SO4",9.04,"MG/L","ANION",0.1,"NONE"
"CoBRA2023-18",2023-03-09,11H 19M 0S,"WLD","old",1,"WI",2023,68,"NH4",NA,"MG/L","METALS",NA,NA
"CoBRA2023-18",2023-03-09,11H 19M 0S,"WLD","old",1,"WI",2023,68,"PO4",NA,"MG/L","ANION",0.1,NA
"CoBRA2023-18",2023-03-09,11H 19M 0S,"WLD","old",1,"WI",2023,68,"NO3",NA,"MG/L","ANION",0.1,NA
"CoBRA2023-18",2023-03-09,11H 19M 0S,"WLD","old",1,"WI",2023,68,"Fe_II",3.5,"MG/L","METALS",0.03,"NONE"
"CoBRA2023-18",2023-03-09,11H 19M 0S,"WLD","old",1,"WI",2023,68,"Mn",2.862505169,"MG/L","METALS",0.04,"NONE"
"CoBRA2023-18",2023-03-09,11H 19M 0S,"WLD","old",1,"WI",2023,68,"Fe",0.02,"MG/L","METALS",0.04,"<"
"CoBRA2023-18",2023-03-09,11H 19M 0S,"WLD","old",1,"WI",2023,68,"Al",0.02,"MG/L","METALS",0.04,"<"
"CoBRA2023-18",2023-03-09,11H 19M 0S,"WLD","old",1,"WI",2023,68,"P",NA,"MG/L","METALS",NA,NA
"CoBRA2023-18",2023-03-09,11H 19M 0S,"WLD","old",1,"WI",2023,68,"Ca",62.38429678,"MG/L","METALS",0.5,"NONE"
"CoBRA2023-18",2023-03-09,11H 19M 0S,"WLD","old",1,"WI",2023,68,"Na",93.60217156,"MG/L","METALS",0.04,"NONE"
"CoBRA2023-18",2023-03-09,11H 19M 0S,"WLD","old",1,"WI",2023,68,"K",0.02,"MG/L","METALS",0.04,"<"
"CoBRA2023-18",2023-03-09,11H 19M 0S,"WLD","old",1,"WI",2023,68,"Mg",28.77728111,"MG/L","METALS",0.5,"NONE"
"CoBRA2023-18",2023-03-09,11H 19M 0S,"WLD","old",1,"WI",2023,68,"DIC",83.696,"MG/L","C",0.1,"NONE"
"CoBRA2023-19",2023-03-09,11H 32M 0S,"WLD","old",1,"WI",2023,68,"depth",20,"CM","PHYS",NA,"NONE"
"CoBRA2023-19",2023-03-09,11H 32M 0S,"WLD","old",1,"WI",2023,68,"pH",6.8,"UNITS","CHEM",NA,"NONE"
"CoBRA2023-19",2023-03-09,11H 32M 0S,"WLD","old",1,"WI",2023,68,"SpC",753,"uS/CM","CHEM",NA,"NONE"
"CoBRA2023-19",2023-03-09,11H 32M 0S,"WLD","old",1,"WI",2023,68,"ORP",-39,"MV","CHEM",NA,"NONE"
"CoBRA2023-19",2023-03-09,11H 32M 0S,"WLD","old",1,"WI",2023,68,"temp",30,"C","CHEM",NA,"NONE"
"CoBRA2023-19",2023-03-09,11H 32M 0S,"WLD","old",1,"WI",2023,68,"DOC",16.8,"MG/L","C",0.1,"NONE"
"CoBRA2023-19",2023-03-09,11H 32M 0S,"WLD","old",1,"WI",2023,68,"TC",117.432,"MG/L","C",0.1,"NONE"
"CoBRA2023-19",2023-03-09,11H 32M 0S,"WLD","old",1,"WI",2023,68,"Cl",59.15,"MG/L","ANION",0.1,"NONE"
"CoBRA2023-19",2023-03-09,11H 32M 0S,"WLD","old",1,"WI",2023,68,"SO4",9.29,"MG/L","ANION",0.1,"NONE"
"CoBRA2023-19",2023-03-09,11H 32M 0S,"WLD","old",1,"WI",2023,68,"NH4",NA,"MG/L","METALS",NA,NA
"CoBRA2023-19",2023-03-09,11H 32M 0S,"WLD","old",1,"WI",2023,68,"PO4",NA,"MG/L","ANION",0.1,NA
"CoBRA2023-19",2023-03-09,11H 32M 0S,"WLD","old",1,"WI",2023,68,"NO3",NA,"MG/L","ANION",0.1,NA
"CoBRA2023-19",2023-03-09,11H 32M 0S,"WLD","old",1,"WI",2023,68,"Fe_II",9.75,"MG/L","METALS",0.03,"NONE"
"CoBRA2023-19",2023-03-09,11H 32M 0S,"WLD","old",1,"WI",2023,68,"Mn",3.810209396,"MG/L","METALS",0.04,"NONE"
"CoBRA2023-19",2023-03-09,11H 32M 0S,"WLD","old",1,"WI",2023,68,"Fe",12.23969944,"MG/L","METALS",0.04,"NONE"
"CoBRA2023-19",2023-03-09,11H 32M 0S,"WLD","old",1,"WI",2023,68,"Al",0.02,"MG/L","METALS",0.04,"<"
"CoBRA2023-19",2023-03-09,11H 32M 0S,"WLD","old",1,"WI",2023,68,"P",NA,"MG/L","METALS",NA,NA
"CoBRA2023-19",2023-03-09,11H 32M 0S,"WLD","old",1,"WI",2023,68,"Ca",67.88604384,"MG/L","METALS",0.5,"NONE"
"CoBRA2023-19",2023-03-09,11H 32M 0S,"WLD","old",1,"WI",2023,68,"Na",122.1287747,"MG/L","METALS",0.04,"NONE"
"CoBRA2023-19",2023-03-09,11H 32M 0S,"WLD","old",1,"WI",2023,68,"K",1.696335032,"MG/L","METALS",0.04,"NONE"
"CoBRA2023-19",2023-03-09,11H 32M 0S,"WLD","old",1,"WI",2023,68,"Mg",36.5304312,"MG/L","METALS",0.5,"NONE"
"CoBRA2023-19",2023-03-09,11H 32M 0S,"WLD","old",1,"WI",2023,68,"DIC",100.632,"MG/L","C",0.1,"NONE"
"CoBRA2023-20",2023-03-09,11H 36M 0S,"WLD","old",1,"WI",2023,68,"depth",30,"CM","PHYS",NA,"NONE"
"CoBRA2023-20",2023-03-09,11H 36M 0S,"WLD","old",1,"WI",2023,68,"pH",6.79,"UNITS","CHEM",NA,"NONE"
"CoBRA2023-20",2023-03-09,11H 36M 0S,"WLD","old",1,"WI",2023,68,"SpC",749,"uS/CM","CHEM",NA,"NONE"
"CoBRA2023-20",2023-03-09,11H 36M 0S,"WLD","old",1,"WI",2023,68,"ORP",-47,"MV","CHEM",NA,"NONE"
"CoBRA2023-20",2023-03-09,11H 36M 0S,"WLD","old",1,"WI",2023,68,"temp",29,"C","CHEM",NA,"NONE"
"CoBRA2023-20",2023-03-09,11H 36M 0S,"WLD","old",1,"WI",2023,68,"DOC",16.52,"MG/L","C",0.1,"NONE"
"CoBRA2023-20",2023-03-09,11H 36M 0S,"WLD","old",1,"WI",2023,68,"TC",115.705,"MG/L","C",0.1,"NONE"
"CoBRA2023-20",2023-03-09,11H 36M 0S,"WLD","old",1,"WI",2023,68,"Cl",68.24,"MG/L","ANION",0.1,"NONE"
"CoBRA2023-20",2023-03-09,11H 36M 0S,"WLD","old",1,"WI",2023,68,"SO4",6.42,"MG/L","ANION",0.1,"NONE"
"CoBRA2023-20",2023-03-09,11H 36M 0S,"WLD","old",1,"WI",2023,68,"NH4",NA,"MG/L","METALS",NA,NA
"CoBRA2023-20",2023-03-09,11H 36M 0S,"WLD","old",1,"WI",2023,68,"PO4",NA,"MG/L","ANION",0.1,NA
"CoBRA2023-20",2023-03-09,11H 36M 0S,"WLD","old",1,"WI",2023,68,"NO3",NA,"MG/L","ANION",0.1,NA
"CoBRA2023-20",2023-03-09,11H 36M 0S,"WLD","old",1,"WI",2023,68,"Fe_II",16,"MG/L","METALS",0.03,"NONE"
"CoBRA2023-20",2023-03-09,11H 36M 0S,"WLD","old",1,"WI",2023,68,"Mn",3.983053945,"MG/L","METALS",0.04,"NONE"
"CoBRA2023-20",2023-03-09,11H 36M 0S,"WLD","old",1,"WI",2023,68,"Fe",19.7451617,"MG/L","METALS",0.04,"NONE"
"CoBRA2023-20",2023-03-09,11H 36M 0S,"WLD","old",1,"WI",2023,68,"Al",0.02,"MG/L","METALS",0.04,"<"
"CoBRA2023-20",2023-03-09,11H 36M 0S,"WLD","old",1,"WI",2023,68,"P",NA,"MG/L","METALS",NA,NA
"CoBRA2023-20",2023-03-09,11H 36M 0S,"WLD","old",1,"WI",2023,68,"Ca",65.81808527,"MG/L","METALS",0.5,"NONE"
"CoBRA2023-20",2023-03-09,11H 36M 0S,"WLD","old",1,"WI",2023,68,"Na",132.5396167,"MG/L","METALS",0.04,"NONE"
"CoBRA2023-20",2023-03-09,11H 36M 0S,"WLD","old",1,"WI",2023,68,"K",2.30081494,"MG/L","METALS",0.04,"NONE"
"CoBRA2023-20",2023-03-09,11H 36M 0S,"WLD","old",1,"WI",2023,68,"Mg",32.45165897,"MG/L","METALS",0.5,"NONE"
"CoBRA2023-20",2023-03-09,11H 36M 0S,"WLD","old",1,"WI",2023,68,"DIC",99.185,"MG/L","C",0.1,"NONE"
"CoBRA2023-21",2023-03-09,11H 44M 0S,"WLD","old",1,"WI",2023,68,"depth",50,"CM","PHYS",NA,"NONE"
"CoBRA2023-21",2023-03-09,11H 44M 0S,"WLD","old",1,"WI",2023,68,"pH",6.9,"UNITS","CHEM",NA,"NONE"
"CoBRA2023-21",2023-03-09,11H 44M 0S,"WLD","old",1,"WI",2023,68,"SpC",885,"uS/CM","CHEM",NA,"NONE"
"CoBRA2023-21",2023-03-09,11H 44M 0S,"WLD","old",1,"WI",2023,68,"ORP",-68,"MV","CHEM",NA,"NONE"
"CoBRA2023-21",2023-03-09,11H 44M 0S,"WLD","old",1,"WI",2023,68,"temp",28.3,"C","CHEM",NA,"NONE"
"CoBRA2023-21",2023-03-09,11H 44M 0S,"WLD","old",1,"WI",2023,68,"DOC",16.5,"MG/L","C",0.1,"NONE"
"CoBRA2023-21",2023-03-09,11H 44M 0S,"WLD","old",1,"WI",2023,68,"TC",123.859,"MG/L","C",0.1,"NONE"
"CoBRA2023-21",2023-03-09,11H 44M 0S,"WLD","old",1,"WI",2023,68,"Cl",104.69,"MG/L","ANION",0.1,"NONE"
"CoBRA2023-21",2023-03-09,11H 44M 0S,"WLD","old",1,"WI",2023,68,"SO4",0.69,"MG/L","ANION",0.1,"NONE"
"CoBRA2023-21",2023-03-09,11H 44M 0S,"WLD","old",1,"WI",2023,68,"NH4",NA,"MG/L","METALS",NA,NA
"CoBRA2023-21",2023-03-09,11H 44M 0S,"WLD","old",1,"WI",2023,68,"PO4",NA,"MG/L","ANION",0.1,NA
"CoBRA2023-21",2023-03-09,11H 44M 0S,"WLD","old",1,"WI",2023,68,"NO3",NA,"MG/L","ANION",0.1,NA
"CoBRA2023-21",2023-03-09,11H 44M 0S,"WLD","old",1,"WI",2023,68,"Fe_II",29.5,"MG/L","METALS",0.03,"NONE"
"CoBRA2023-21",2023-03-09,11H 44M 0S,"WLD","old",1,"WI",2023,68,"Mn",6.078053144,"MG/L","METALS",0.04,"NONE"
"CoBRA2023-21",2023-03-09,11H 44M 0S,"WLD","old",1,"WI",2023,68,"Fe",39.34289956,"MG/L","METALS",0.04,"NONE"
"CoBRA2023-21",2023-03-09,11H 44M 0S,"WLD","old",1,"WI",2023,68,"Al",0.02,"MG/L","METALS",0.04,"<"
"CoBRA2023-21",2023-03-09,11H 44M 0S,"WLD","old",1,"WI",2023,68,"P",NA,"MG/L","METALS",NA,NA
"CoBRA2023-21",2023-03-09,11H 44M 0S,"WLD","old",1,"WI",2023,68,"Ca",81.10298861,"MG/L","METALS",0.5,"NONE"
"CoBRA2023-21",2023-03-09,11H 44M 0S,"WLD","old",1,"WI",2023,68,"Na",177.3196311,"MG/L","METALS",0.04,"NONE"
"CoBRA2023-21",2023-03-09,11H 44M 0S,"WLD","old",1,"WI",2023,68,"K",2.621714194,"MG/L","METALS",0.04,"NONE"
"CoBRA2023-21",2023-03-09,11H 44M 0S,"WLD","old",1,"WI",2023,68,"Mg",35.11169242,"MG/L","METALS",0.5,"NONE"
"CoBRA2023-21",2023-03-09,11H 44M 0S,"WLD","old",1,"WI",2023,68,"DIC",107.359,"MG/L","C",0.1,"NONE"
"CoBRA2023-22",2023-03-09,12H 8M 0S,"WLD","old",2,"WI",2023,68,"depth",10,"CM","PHYS",NA,"NONE"
"CoBRA2023-22",2023-03-09,12H 8M 0S,"WLD","old",2,"WI",2023,68,"pH",6.78,"UNITS","CHEM",NA,"NONE"
"CoBRA2023-22",2023-03-09,12H 8M 0S,"WLD","old",2,"WI",2023,68,"SpC",598,"uS/CM","CHEM",NA,"NONE"
"CoBRA2023-22",2023-03-09,12H 8M 0S,"WLD","old",2,"WI",2023,68,"ORP",-34,"MV","CHEM",NA,"NONE"
"CoBRA2023-22",2023-03-09,12H 8M 0S,"WLD","old",2,"WI",2023,68,"temp",30.8,"C","CHEM",NA,"NONE"
"CoBRA2023-22",2023-03-09,12H 8M 0S,"WLD","old",2,"WI",2023,68,"DOC",12.45,"MG/L","C",0.1,"NONE"
"CoBRA2023-22",2023-03-09,12H 8M 0S,"WLD","old",2,"WI",2023,68,"TC",70.057,"MG/L","C",0.1,"NONE"
"CoBRA2023-22",2023-03-09,12H 8M 0S,"WLD","old",2,"WI",2023,68,"Cl",35.99,"MG/L","ANION",0.1,"NONE"
"CoBRA2023-22",2023-03-09,12H 8M 0S,"WLD","old",2,"WI",2023,68,"SO4",1.5,"MG/L","ANION",0.1,"NONE"
"CoBRA2023-22",2023-03-09,12H 8M 0S,"WLD","old",2,"WI",2023,68,"NH4",NA,"MG/L","METALS",NA,NA
"CoBRA2023-22",2023-03-09,12H 8M 0S,"WLD","old",2,"WI",2023,68,"PO4",NA,"MG/L","ANION",0.1,NA
"CoBRA2023-22",2023-03-09,12H 8M 0S,"WLD","old",2,"WI",2023,68,"NO3",NA,"MG/L","ANION",0.1,NA
"CoBRA2023-22",2023-03-09,12H 8M 0S,"WLD","old",2,"WI",2023,68,"Fe_II",4.25,"MG/L","METALS",0.03,"NONE"
"CoBRA2023-22",2023-03-09,12H 8M 0S,"WLD","old",2,"WI",2023,68,"Mn",4.450285189,"MG/L","METALS",0.04,"NONE"
"CoBRA2023-22",2023-03-09,12H 8M 0S,"WLD","old",2,"WI",2023,68,"Fe",8.64783086,"MG/L","METALS",0.04,"NONE"
"CoBRA2023-22",2023-03-09,12H 8M 0S,"WLD","old",2,"WI",2023,68,"Al",0.02,"MG/L","METALS",0.04,"<"
"CoBRA2023-22",2023-03-09,12H 8M 0S,"WLD","old",2,"WI",2023,68,"P",NA,"MG/L","METALS",NA,NA
"CoBRA2023-22",2023-03-09,12H 8M 0S,"WLD","old",2,"WI",2023,68,"Ca",63.74064857,"MG/L","METALS",0.5,"NONE"
"CoBRA2023-22",2023-03-09,12H 8M 0S,"WLD","old",2,"WI",2023,68,"Na",52.21711916,"MG/L","METALS",0.04,"NONE"
"CoBRA2023-22",2023-03-09,12H 8M 0S,"WLD","old",2,"WI",2023,68,"K",0.02,"MG/L","METALS",0.04,"<"
"CoBRA2023-22",2023-03-09,12H 8M 0S,"WLD","old",2,"WI",2023,68,"Mg",24.95728239,"MG/L","METALS",0.5,"NONE"
"CoBRA2023-22",2023-03-09,12H 8M 0S,"WLD","old",2,"WI",2023,68,"DIC",57.607,"MG/L","C",0.1,"NONE"
"CoBRA2023-23",2023-03-09,12H 20M 0S,"WLD","old",2,"WI",2023,68,"depth",20,"CM","PHYS",NA,"NONE"
"CoBRA2023-23",2023-03-09,12H 20M 0S,"WLD","old",2,"WI",2023,68,"pH",6.71,"UNITS","CHEM",NA,"NONE"
"CoBRA2023-23",2023-03-09,12H 20M 0S,"WLD","old",2,"WI",2023,68,"SpC",607,"uS/CM","CHEM",NA,"NONE"
"CoBRA2023-23",2023-03-09,12H 20M 0S,"WLD","old",2,"WI",2023,68,"ORP",-43,"MV","CHEM",NA,"NONE"
"CoBRA2023-23",2023-03-09,12H 20M 0S,"WLD","old",2,"WI",2023,68,"temp",29.1,"C","CHEM",NA,"NONE"
"CoBRA2023-23",2023-03-09,12H 20M 0S,"WLD","old",2,"WI",2023,68,"DOC",11.85,"MG/L","C",0.1,"NONE"
"CoBRA2023-23",2023-03-09,12H 20M 0S,"WLD","old",2,"WI",2023,68,"TC",65.673,"MG/L","C",0.1,"NONE"
"CoBRA2023-23",2023-03-09,12H 20M 0S,"WLD","old",2,"WI",2023,68,"Cl",40.54,"MG/L","ANION",0.1,"NONE"
"CoBRA2023-23",2023-03-09,12H 20M 0S,"WLD","old",2,"WI",2023,68,"SO4",0.05,"MG/L","ANION",0.1,"<"
"CoBRA2023-23",2023-03-09,12H 20M 0S,"WLD","old",2,"WI",2023,68,"NH4",NA,"MG/L","METALS",NA,NA
"CoBRA2023-23",2023-03-09,12H 20M 0S,"WLD","old",2,"WI",2023,68,"PO4",NA,"MG/L","ANION",0.1,NA
"CoBRA2023-23",2023-03-09,12H 20M 0S,"WLD","old",2,"WI",2023,68,"NO3",NA,"MG/L","ANION",0.1,NA
"CoBRA2023-23",2023-03-09,12H 20M 0S,"WLD","old",2,"WI",2023,68,"Fe_II",19.25,"MG/L","METALS",0.03,"NONE"
"CoBRA2023-23",2023-03-09,12H 20M 0S,"WLD","old",2,"WI",2023,68,"Mn",4.481078004,"MG/L","METALS",0.04,"NONE"
"CoBRA2023-23",2023-03-09,12H 20M 0S,"WLD","old",2,"WI",2023,68,"Fe",30.96797613,"MG/L","METALS",0.04,"NONE"
"CoBRA2023-23",2023-03-09,12H 20M 0S,"WLD","old",2,"WI",2023,68,"Al",0.02,"MG/L","METALS",0.04,"<"
"CoBRA2023-23",2023-03-09,12H 20M 0S,"WLD","old",2,"WI",2023,68,"P",NA,"MG/L","METALS",NA,NA
"CoBRA2023-23",2023-03-09,12H 20M 0S,"WLD","old",2,"WI",2023,68,"Ca",55.54158997,"MG/L","METALS",0.5,"NONE"
"CoBRA2023-23",2023-03-09,12H 20M 0S,"WLD","old",2,"WI",2023,68,"Na",55.619969,"MG/L","METALS",0.04,"NONE"
"CoBRA2023-23",2023-03-09,12H 20M 0S,"WLD","old",2,"WI",2023,68,"K",0.02,"MG/L","METALS",0.04,"<"
"CoBRA2023-23",2023-03-09,12H 20M 0S,"WLD","old",2,"WI",2023,68,"Mg",21.61478483,"MG/L","METALS",0.5,"NONE"
"CoBRA2023-23",2023-03-09,12H 20M 0S,"WLD","old",2,"WI",2023,68,"DIC",53.823,"MG/L","C",0.1,"NONE"
"CoBRA2023-24",2023-03-09,12H 25M 0S,"WLD","old",2,"WI",2023,68,"depth",30,"CM","PHYS",NA,"NONE"
"CoBRA2023-24",2023-03-09,12H 25M 0S,"WLD","old",2,"WI",2023,68,"pH",6.71,"UNITS","CHEM",NA,"NONE"
"CoBRA2023-24",2023-03-09,12H 25M 0S,"WLD","old",2,"WI",2023,68,"SpC",633,"uS/CM","CHEM",NA,"NONE"
"CoBRA2023-24",2023-03-09,12H 25M 0S,"WLD","old",2,"WI",2023,68,"ORP",-38,"MV","CHEM",NA,"NONE"
"CoBRA2023-24",2023-03-09,12H 25M 0S,"WLD","old",2,"WI",2023,68,"temp",28.3,"C","CHEM",NA,"NONE"
"CoBRA2023-24",2023-03-09,12H 25M 0S,"WLD","old",2,"WI",2023,68,"DOC",10.69,"MG/L","C",0.1,"NONE"
"CoBRA2023-24",2023-03-09,12H 25M 0S,"WLD","old",2,"WI",2023,68,"TC",65.212,"MG/L","C",0.1,"NONE"
"CoBRA2023-24",2023-03-09,12H 25M 0S,"WLD","old",2,"WI",2023,68,"Cl",43.89,"MG/L","ANION",0.1,"NONE"
"CoBRA2023-24",2023-03-09,12H 25M 0S,"WLD","old",2,"WI",2023,68,"SO4",0.05,"MG/L","ANION",0.1,"<"
"CoBRA2023-24",2023-03-09,12H 25M 0S,"WLD","old",2,"WI",2023,68,"NH4",NA,"MG/L","METALS",NA,NA
"CoBRA2023-24",2023-03-09,12H 25M 0S,"WLD","old",2,"WI",2023,68,"PO4",NA,"MG/L","ANION",0.1,NA
"CoBRA2023-24",2023-03-09,12H 25M 0S,"WLD","old",2,"WI",2023,68,"NO3",NA,"MG/L","ANION",0.1,NA
"CoBRA2023-24",2023-03-09,12H 25M 0S,"WLD","old",2,"WI",2023,68,"Fe_II",17.75,"MG/L","METALS",0.03,"NONE"
"CoBRA2023-24",2023-03-09,12H 25M 0S,"WLD","old",2,"WI",2023,68,"Mn",4.863395495,"MG/L","METALS",0.04,"NONE"
"CoBRA2023-24",2023-03-09,12H 25M 0S,"WLD","old",2,"WI",2023,68,"Fe",35.32922007,"MG/L","METALS",0.04,"NONE"
"CoBRA2023-24",2023-03-09,12H 25M 0S,"WLD","old",2,"WI",2023,68,"Al",0.02,"MG/L","METALS",0.04,"<"
"CoBRA2023-24",2023-03-09,12H 25M 0S,"WLD","old",2,"WI",2023,68,"P",NA,"MG/L","METALS",NA,NA
"CoBRA2023-24",2023-03-09,12H 25M 0S,"WLD","old",2,"WI",2023,68,"Ca",54.49373924,"MG/L","METALS",0.5,"NONE"
"CoBRA2023-24",2023-03-09,12H 25M 0S,"WLD","old",2,"WI",2023,68,"Na",59.5924665,"MG/L","METALS",0.04,"NONE"
"CoBRA2023-24",2023-03-09,12H 25M 0S,"WLD","old",2,"WI",2023,68,"K",0.02,"MG/L","METALS",0.04,"<"
"CoBRA2023-24",2023-03-09,12H 25M 0S,"WLD","old",2,"WI",2023,68,"Mg",20.74975205,"MG/L","METALS",0.5,"NONE"
"CoBRA2023-24",2023-03-09,12H 25M 0S,"WLD","old",2,"WI",2023,68,"DIC",54.522,"MG/L","C",0.1,"NONE"
"CoBRA2023-25",2023-03-09,12H 35M 0S,"WLD","old",2,"WI",2023,68,"depth",50,"CM","PHYS",NA,"NONE"
"CoBRA2023-25",2023-03-09,12H 35M 0S,"WLD","old",2,"WI",2023,68,"pH",6.6,"UNITS","CHEM",NA,"NONE"
"CoBRA2023-25",2023-03-09,12H 35M 0S,"WLD","old",2,"WI",2023,68,"SpC",674,"uS/CM","CHEM",NA,"NONE"
"CoBRA2023-25",2023-03-09,12H 35M 0S,"WLD","old",2,"WI",2023,68,"ORP",-24,"MV","CHEM",NA,"NONE"
"CoBRA2023-25",2023-03-09,12H 35M 0S,"WLD","old",2,"WI",2023,68,"temp",28,"C","CHEM",NA,"NONE"
"CoBRA2023-25",2023-03-09,12H 35M 0S,"WLD","old",2,"WI",2023,68,"DOC",10.38,"MG/L","C",0.1,"NONE"
"CoBRA2023-25",2023-03-09,12H 35M 0S,"WLD","old",2,"WI",2023,68,"TC",70.969,"MG/L","C",0.1,"NONE"
"CoBRA2023-25",2023-03-09,12H 35M 0S,"WLD","old",2,"WI",2023,68,"Cl",47.9,"MG/L","ANION",0.1,"NONE"
"CoBRA2023-25",2023-03-09,12H 35M 0S,"WLD","old",2,"WI",2023,68,"SO4",0.05,"MG/L","ANION",0.1,"<"
"CoBRA2023-25",2023-03-09,12H 35M 0S,"WLD","old",2,"WI",2023,68,"NH4",NA,"MG/L","METALS",NA,NA
"CoBRA2023-25",2023-03-09,12H 35M 0S,"WLD","old",2,"WI",2023,68,"PO4",NA,"MG/L","ANION",0.1,NA
"CoBRA2023-25",2023-03-09,12H 35M 0S,"WLD","old",2,"WI",2023,68,"NO3",NA,"MG/L","ANION",0.1,NA
"CoBRA2023-25",2023-03-09,12H 35M 0S,"WLD","old",2,"WI",2023,68,"Fe_II",22,"MG/L","METALS",0.03,"NONE"
"CoBRA2023-25",2023-03-09,12H 35M 0S,"WLD","old",2,"WI",2023,68,"Mn",5.094382988,"MG/L","METALS",0.04,"NONE"
"CoBRA2023-25",2023-03-09,12H 35M 0S,"WLD","old",2,"WI",2023,68,"Fe",32.3477637,"MG/L","METALS",0.04,"NONE"
"CoBRA2023-25",2023-03-09,12H 35M 0S,"WLD","old",2,"WI",2023,68,"Al",0.02,"MG/L","METALS",0.04,"<"
"CoBRA2023-25",2023-03-09,12H 35M 0S,"WLD","old",2,"WI",2023,68,"P",NA,"MG/L","METALS",NA,NA
"CoBRA2023-25",2023-03-09,12H 35M 0S,"WLD","old",2,"WI",2023,68,"Ca",59.43957776,"MG/L","METALS",0.5,"NONE"
"CoBRA2023-25",2023-03-09,12H 35M 0S,"WLD","old",2,"WI",2023,68,"Na",62.93975837,"MG/L","METALS",0.04,"NONE"
"CoBRA2023-25",2023-03-09,12H 35M 0S,"WLD","old",2,"WI",2023,68,"K",0.02,"MG/L","METALS",0.04,"<"
"CoBRA2023-25",2023-03-09,12H 35M 0S,"WLD","old",2,"WI",2023,68,"Mg",21.98718149,"MG/L","METALS",0.5,"NONE"
"CoBRA2023-25",2023-03-09,12H 35M 0S,"WLD","old",2,"WI",2023,68,"DIC",60.589,"MG/L","C",0.1,"NONE"
"CoBRA2023-26",2023-03-09,12H 50M 0S,"WLD","old",3,"WI",2023,68,"depth",10,"CM","PHYS",NA,"NONE"
"CoBRA2023-26",2023-03-09,12H 50M 0S,"WLD","old",3,"WI",2023,68,"pH",6.82,"UNITS","CHEM",NA,"NONE"
"CoBRA2023-26",2023-03-09,12H 50M 0S,"WLD","old",3,"WI",2023,68,"SpC",552,"uS/CM","CHEM",NA,"NONE"
"CoBRA2023-26",2023-03-09,12H 50M 0S,"WLD","old",3,"WI",2023,68,"ORP",-26,"MV","CHEM",NA,"NONE"
"CoBRA2023-26",2023-03-09,12H 50M 0S,"WLD","old",3,"WI",2023,68,"temp",27.8,"C","CHEM",NA,"NONE"
"CoBRA2023-26",2023-03-09,12H 50M 0S,"WLD","old",3,"WI",2023,68,"DOC",10.62,"MG/L","C",0.1,"NONE"
"CoBRA2023-26",2023-03-09,12H 50M 0S,"WLD","old",3,"WI",2023,68,"TC",58.957,"MG/L","C",0.1,"NONE"
"CoBRA2023-26",2023-03-09,12H 50M 0S,"WLD","old",3,"WI",2023,68,"Cl",33.8,"MG/L","ANION",0.1,"NONE"
"CoBRA2023-26",2023-03-09,12H 50M 0S,"WLD","old",3,"WI",2023,68,"SO4",0.05,"MG/L","ANION",0.1,"<"
"CoBRA2023-26",2023-03-09,12H 50M 0S,"WLD","old",3,"WI",2023,68,"NH4",NA,"MG/L","METALS",NA,NA
"CoBRA2023-26",2023-03-09,12H 50M 0S,"WLD","old",3,"WI",2023,68,"PO4",NA,"MG/L","ANION",0.1,NA
"CoBRA2023-26",2023-03-09,12H 50M 0S,"WLD","old",3,"WI",2023,68,"NO3",NA,"MG/L","ANION",0.1,NA
"CoBRA2023-26",2023-03-09,12H 50M 0S,"WLD","old",3,"WI",2023,68,"Fe_II",14,"MG/L","METALS",0.03,"NONE"
"CoBRA2023-26",2023-03-09,12H 50M 0S,"WLD","old",3,"WI",2023,68,"Mn",3.375241322,"MG/L","METALS",0.04,"NONE"
"CoBRA2023-26",2023-03-09,12H 50M 0S,"WLD","old",3,"WI",2023,68,"Fe",17.68231004,"MG/L","METALS",0.04,"NONE"
"CoBRA2023-26",2023-03-09,12H 50M 0S,"WLD","old",3,"WI",2023,68,"Al",0.02,"MG/L","METALS",0.04,"<"
"CoBRA2023-26",2023-03-09,12H 50M 0S,"WLD","old",3,"WI",2023,68,"P",NA,"MG/L","METALS",NA,NA
"CoBRA2023-26",2023-03-09,12H 50M 0S,"WLD","old",3,"WI",2023,68,"Ca",53.06531135,"MG/L","METALS",0.5,"NONE"
"CoBRA2023-26",2023-03-09,12H 50M 0S,"WLD","old",3,"WI",2023,68,"Na",54.30140741,"MG/L","METALS",0.04,"NONE"
"CoBRA2023-26",2023-03-09,12H 50M 0S,"WLD","old",3,"WI",2023,68,"K",1.325416454,"MG/L","METALS",0.04,"NONE"
"CoBRA2023-26",2023-03-09,12H 50M 0S,"WLD","old",3,"WI",2023,68,"Mg",24.38733,"MG/L","METALS",0.5,"NONE"
"CoBRA2023-26",2023-03-09,12H 50M 0S,"WLD","old",3,"WI",2023,68,"DIC",48.337,"MG/L","C",0.1,"NONE"
"CoBRA2023-27",2023-03-09,13H 6M 0S,"WLD","old",3,"WI",2023,68,"depth",20,"CM","PHYS",NA,"NONE"
"CoBRA2023-27",2023-03-09,13H 6M 0S,"WLD","old",3,"WI",2023,68,"pH",6.85,"UNITS","CHEM",NA,"NONE"
"CoBRA2023-27",2023-03-09,13H 6M 0S,"WLD","old",3,"WI",2023,68,"SpC",530,"uS/CM","CHEM",NA,"NONE"
"CoBRA2023-27",2023-03-09,13H 6M 0S,"WLD","old",3,"WI",2023,68,"ORP",-21,"MV","CHEM",NA,"NONE"
"CoBRA2023-27",2023-03-09,13H 6M 0S,"WLD","old",3,"WI",2023,68,"temp",26.7,"C","CHEM",NA,"NONE"
"CoBRA2023-27",2023-03-09,13H 6M 0S,"WLD","old",3,"WI",2023,68,"DOC",9.395,"MG/L","C",0.1,"NONE"
"CoBRA2023-27",2023-03-09,13H 6M 0S,"WLD","old",3,"WI",2023,68,"TC",56.549,"MG/L","C",0.1,"NONE"
"CoBRA2023-27",2023-03-09,13H 6M 0S,"WLD","old",3,"WI",2023,68,"Cl",36.13,"MG/L","ANION",0.1,"NONE"
"CoBRA2023-27",2023-03-09,13H 6M 0S,"WLD","old",3,"WI",2023,68,"SO4",0.05,"MG/L","ANION",0.1,"<"
"CoBRA2023-27",2023-03-09,13H 6M 0S,"WLD","old",3,"WI",2023,68,"NH4",NA,"MG/L","METALS",NA,NA
"CoBRA2023-27",2023-03-09,13H 6M 0S,"WLD","old",3,"WI",2023,68,"PO4",NA,"MG/L","ANION",0.1,NA
"CoBRA2023-27",2023-03-09,13H 6M 0S,"WLD","old",3,"WI",2023,68,"NO3",NA,"MG/L","ANION",0.1,NA
"CoBRA2023-27",2023-03-09,13H 6M 0S,"WLD","old",3,"WI",2023,68,"Fe_II",12.25,"MG/L","METALS",0.03,"NONE"
"CoBRA2023-27",2023-03-09,13H 6M 0S,"WLD","old",3,"WI",2023,68,"Mn",3.341032539,"MG/L","METALS",0.04,"NONE"
"CoBRA2023-27",2023-03-09,13H 6M 0S,"WLD","old",3,"WI",2023,68,"Fe",17.71044266,"MG/L","METALS",0.04,"NONE"
"CoBRA2023-27",2023-03-09,13H 6M 0S,"WLD","old",3,"WI",2023,68,"Al",0.02,"MG/L","METALS",0.04,"<"
"CoBRA2023-27",2023-03-09,13H 6M 0S,"WLD","old",3,"WI",2023,68,"P",NA,"MG/L","METALS",NA,NA
"CoBRA2023-27",2023-03-09,13H 6M 0S,"WLD","old",3,"WI",2023,68,"Ca",47.43210946,"MG/L","METALS",0.5,"NONE"
"CoBRA2023-27",2023-03-09,13H 6M 0S,"WLD","old",3,"WI",2023,68,"Na",50.3877462,"MG/L","METALS",0.04,"NONE"
"CoBRA2023-27",2023-03-09,13H 6M 0S,"WLD","old",3,"WI",2023,68,"K",0.02,"MG/L","METALS",0.04,"<"
"CoBRA2023-27",2023-03-09,13H 6M 0S,"WLD","old",3,"WI",2023,68,"Mg",18.23503046,"MG/L","METALS",0.5,"NONE"
"CoBRA2023-27",2023-03-09,13H 6M 0S,"WLD","old",3,"WI",2023,68,"DIC",47.154,"MG/L","C",0.1,"NONE"
"CoBRA2023-28",2023-03-09,13H 20M 0S,"WLD","old",3,"WI",2023,68,"depth",30,"CM","PHYS",NA,"NONE"
"CoBRA2023-28",2023-03-09,13H 20M 0S,"WLD","old",3,"WI",2023,68,"pH",6.74,"UNITS","CHEM",NA,"NONE"
"CoBRA2023-28",2023-03-09,13H 20M 0S,"WLD","old",3,"WI",2023,68,"SpC",577,"uS/CM","CHEM",NA,"NONE"
"CoBRA2023-28",2023-03-09,13H 20M 0S,"WLD","old",3,"WI",2023,68,"ORP",-26,"MV","CHEM",NA,"NONE"
"CoBRA2023-28",2023-03-09,13H 20M 0S,"WLD","old",3,"WI",2023,68,"temp",27.4,"C","CHEM",NA,"NONE"
"CoBRA2023-28",2023-03-09,13H 20M 0S,"WLD","old",3,"WI",2023,68,"DOC",9.445,"MG/L","C",0.1,"NONE"
"CoBRA2023-28",2023-03-09,13H 20M 0S,"WLD","old",3,"WI",2023,68,"TC",59.13,"MG/L","C",0.1,"NONE"
"CoBRA2023-28",2023-03-09,13H 20M 0S,"WLD","old",3,"WI",2023,68,"Cl",41.54,"MG/L","ANION",0.1,"NONE"
"CoBRA2023-28",2023-03-09,13H 20M 0S,"WLD","old",3,"WI",2023,68,"SO4",0.05,"MG/L","ANION",0.1,"<"
"CoBRA2023-28",2023-03-09,13H 20M 0S,"WLD","old",3,"WI",2023,68,"NH4",NA,"MG/L","METALS",NA,NA
"CoBRA2023-28",2023-03-09,13H 20M 0S,"WLD","old",3,"WI",2023,68,"PO4",NA,"MG/L","ANION",0.1,NA
"CoBRA2023-28",2023-03-09,13H 20M 0S,"WLD","old",3,"WI",2023,68,"NO3",NA,"MG/L","ANION",0.1,NA
"CoBRA2023-28",2023-03-09,13H 20M 0S,"WLD","old",3,"WI",2023,68,"Fe_II",18.5,"MG/L","METALS",0.03,"NONE"
"CoBRA2023-28",2023-03-09,13H 20M 0S,"WLD","old",3,"WI",2023,68,"Mn",4.1291719,"MG/L","METALS",0.04,"NONE"
"CoBRA2023-28",2023-03-09,13H 20M 0S,"WLD","old",3,"WI",2023,68,"Fe",24.7829121,"MG/L","METALS",0.04,"NONE"
"CoBRA2023-28",2023-03-09,13H 20M 0S,"WLD","old",3,"WI",2023,68,"Al",0.02,"MG/L","METALS",0.04,"<"
"CoBRA2023-28",2023-03-09,13H 20M 0S,"WLD","old",3,"WI",2023,68,"P",NA,"MG/L","METALS",NA,NA
"CoBRA2023-28",2023-03-09,13H 20M 0S,"WLD","old",3,"WI",2023,68,"Ca",49.78774736,"MG/L","METALS",0.5,"NONE"
"CoBRA2023-28",2023-03-09,13H 20M 0S,"WLD","old",3,"WI",2023,68,"Na",58.6747436,"MG/L","METALS",0.04,"NONE"
"CoBRA2023-28",2023-03-09,13H 20M 0S,"WLD","old",3,"WI",2023,68,"K",0.02,"MG/L","METALS",0.04,"<"
"CoBRA2023-28",2023-03-09,13H 20M 0S,"WLD","old",3,"WI",2023,68,"Mg",18.5106256,"MG/L","METALS",0.5,"NONE"
"CoBRA2023-28",2023-03-09,13H 20M 0S,"WLD","old",3,"WI",2023,68,"DIC",49.685,"MG/L","C",0.1,"NONE"
"CoBRA2023-29",2023-03-09,13H 32M 0S,"WLD","old",3,"WI",2023,68,"depth",50,"CM","PHYS",NA,"NONE"
"CoBRA2023-29",2023-03-09,13H 32M 0S,"WLD","old",3,"WI",2023,68,"pH",6.85,"UNITS","CHEM",NA,"NONE"
"CoBRA2023-29",2023-03-09,13H 32M 0S,"WLD","old",3,"WI",2023,68,"SpC",596,"uS/CM","CHEM",NA,"NONE"
"CoBRA2023-29",2023-03-09,13H 32M 0S,"WLD","old",3,"WI",2023,68,"ORP",-40,"MV","CHEM",NA,"NONE"
"CoBRA2023-29",2023-03-09,13H 32M 0S,"WLD","old",3,"WI",2023,68,"temp",26.5,"C","CHEM",NA,"NONE"
"CoBRA2023-29",2023-03-09,13H 32M 0S,"WLD","old",3,"WI",2023,68,"DOC",10.22,"MG/L","C",0.1,"NONE"
"CoBRA2023-29",2023-03-09,13H 32M 0S,"WLD","old",3,"WI",2023,68,"TC",68.781,"MG/L","C",0.1,"NONE"
"CoBRA2023-29",2023-03-09,13H 32M 0S,"WLD","old",3,"WI",2023,68,"Cl",48.72,"MG/L","ANION",0.1,"NONE"
"CoBRA2023-29",2023-03-09,13H 32M 0S,"WLD","old",3,"WI",2023,68,"SO4",0.05,"MG/L","ANION",0.1,"<"
"CoBRA2023-29",2023-03-09,13H 32M 0S,"WLD","old",3,"WI",2023,68,"NH4",NA,"MG/L","METALS",NA,NA
"CoBRA2023-29",2023-03-09,13H 32M 0S,"WLD","old",3,"WI",2023,68,"PO4",NA,"MG/L","ANION",0.1,NA
"CoBRA2023-29",2023-03-09,13H 32M 0S,"WLD","old",3,"WI",2023,68,"NO3",NA,"MG/L","ANION",0.1,NA
"CoBRA2023-29",2023-03-09,13H 32M 0S,"WLD","old",3,"WI",2023,68,"Fe_II",17.5,"MG/L","METALS",0.03,"NONE"
"CoBRA2023-29",2023-03-09,13H 32M 0S,"WLD","old",3,"WI",2023,68,"Mn",4.087916682,"MG/L","METALS",0.04,"NONE"
"CoBRA2023-29",2023-03-09,13H 32M 0S,"WLD","old",3,"WI",2023,68,"Fe",19.2329745,"MG/L","METALS",0.04,"NONE"
"CoBRA2023-29",2023-03-09,13H 32M 0S,"WLD","old",3,"WI",2023,68,"Al",0.02,"MG/L","METALS",0.04,"<"
"CoBRA2023-29",2023-03-09,13H 32M 0S,"WLD","old",3,"WI",2023,68,"P",NA,"MG/L","METALS",NA,NA
"CoBRA2023-29",2023-03-09,13H 32M 0S,"WLD","old",3,"WI",2023,68,"Ca",55.63718889,"MG/L","METALS",0.5,"NONE"
"CoBRA2023-29",2023-03-09,13H 32M 0S,"WLD","old",3,"WI",2023,68,"Na",68.41388439,"MG/L","METALS",0.04,"NONE"
"CoBRA2023-29",2023-03-09,13H 32M 0S,"WLD","old",3,"WI",2023,68,"K",0.02,"MG/L","METALS",0.04,"<"
"CoBRA2023-29",2023-03-09,13H 32M 0S,"WLD","old",3,"WI",2023,68,"Mg",19.20596977,"MG/L","METALS",0.5,"NONE"
"CoBRA2023-29",2023-03-09,13H 32M 0S,"WLD","old",3,"WI",2023,68,"DIC",58.561,"MG/L","C",0.1,"NONE"
"CoBRA2023-30",2023-03-09,13H 45M 0S,"WLD","old",4,"WI",2023,68,"depth",10,"CM","PHYS",NA,"NONE"
"CoBRA2023-30",2023-03-09,13H 45M 0S,"WLD","old",4,"WI",2023,68,"pH",7.04,"UNITS","CHEM",NA,"NONE"
"CoBRA2023-30",2023-03-09,13H 45M 0S,"WLD","old",4,"WI",2023,68,"SpC",1456,"uS/CM","CHEM",NA,"NONE"
"CoBRA2023-30",2023-03-09,13H 45M 0S,"WLD","old",4,"WI",2023,68,"ORP",-134,"MV","CHEM",NA,"NONE"
"CoBRA2023-30",2023-03-09,13H 45M 0S,"WLD","old",4,"WI",2023,68,"temp",26.7,"C","CHEM",NA,"NONE"
"CoBRA2023-30",2023-03-09,13H 45M 0S,"WLD","old",4,"WI",2023,68,"DOC",12.55,"MG/L","C",0.1,"NONE"
"CoBRA2023-30",2023-03-09,13H 45M 0S,"WLD","old",4,"WI",2023,68,"TC",132.302,"MG/L","C",0.1,"NONE"
"CoBRA2023-30",2023-03-09,13H 45M 0S,"WLD","old",4,"WI",2023,68,"Cl",107.25,"MG/L","ANION",0.1,"NONE"
"CoBRA2023-30",2023-03-09,13H 45M 0S,"WLD","old",4,"WI",2023,68,"SO4",0.05,"MG/L","ANION",0.1,"<"
"CoBRA2023-30",2023-03-09,13H 45M 0S,"WLD","old",4,"WI",2023,68,"NH4",NA,"MG/L","METALS",NA,NA
"CoBRA2023-30",2023-03-09,13H 45M 0S,"WLD","old",4,"WI",2023,68,"PO4",NA,"MG/L","ANION",0.1,NA
"CoBRA2023-30",2023-03-09,13H 45M 0S,"WLD","old",4,"WI",2023,68,"NO3",NA,"MG/L","ANION",0.1,NA
"CoBRA2023-30",2023-03-09,13H 45M 0S,"WLD","old",4,"WI",2023,68,"Fe_II",35,"MG/L","METALS",0.03,"NONE"
"CoBRA2023-30",2023-03-09,13H 45M 0S,"WLD","old",4,"WI",2023,68,"Mn",11.48513296,"MG/L","METALS",0.04,"NONE"
"CoBRA2023-30",2023-03-09,13H 45M 0S,"WLD","old",4,"WI",2023,68,"Fe",42.45350102,"MG/L","METALS",0.04,"NONE"
"CoBRA2023-30",2023-03-09,13H 45M 0S,"WLD","old",4,"WI",2023,68,"Al",0.02,"MG/L","METALS",0.04,"<"
"CoBRA2023-30",2023-03-09,13H 45M 0S,"WLD","old",4,"WI",2023,68,"P",NA,"MG/L","METALS",NA,NA
"CoBRA2023-30",2023-03-09,13H 45M 0S,"WLD","old",4,"WI",2023,68,"Ca",207.6155939,"MG/L","METALS",0.5,"NONE"
"CoBRA2023-30",2023-03-09,13H 45M 0S,"WLD","old",4,"WI",2023,68,"Na",67.15222195,"MG/L","METALS",0.04,"NONE"
"CoBRA2023-30",2023-03-09,13H 45M 0S,"WLD","old",4,"WI",2023,68,"K",1.962389595,"MG/L","METALS",0.04,"NONE"
"CoBRA2023-30",2023-03-09,13H 45M 0S,"WLD","old",4,"WI",2023,68,"Mg",57.5758036,"MG/L","METALS",0.5,"NONE"
"CoBRA2023-30",2023-03-09,13H 45M 0S,"WLD","old",4,"WI",2023,68,"DIC",119.752,"MG/L","C",0.1,"NONE"
"CoBRA2023-31",2023-03-09,14H 0M 0S,"WLD","old",4,"WI",2023,68,"depth",30,"CM","PHYS",NA,"NONE"
"CoBRA2023-31",2023-03-09,14H 0M 0S,"WLD","old",4,"WI",2023,68,"pH",7,"UNITS","CHEM",NA,"NONE"
"CoBRA2023-31",2023-03-09,14H 0M 0S,"WLD","old",4,"WI",2023,68,"SpC",1110,"uS/CM","CHEM",NA,"NONE"
"CoBRA2023-31",2023-03-09,14H 0M 0S,"WLD","old",4,"WI",2023,68,"ORP",-111,"MV","CHEM",NA,"NONE"
"CoBRA2023-31",2023-03-09,14H 0M 0S,"WLD","old",4,"WI",2023,68,"temp",27,"C","CHEM",NA,"NONE"
"CoBRA2023-31",2023-03-09,14H 0M 0S,"WLD","old",4,"WI",2023,68,"DOC",13.04,"MG/L","C",0.1,"NONE"
"CoBRA2023-31",2023-03-09,14H 0M 0S,"WLD","old",4,"WI",2023,68,"TC",148.516,"MG/L","C",0.1,"NONE"
"CoBRA2023-31",2023-03-09,14H 0M 0S,"WLD","old",4,"WI",2023,68,"Cl",87.49,"MG/L","ANION",0.1,"NONE"
"CoBRA2023-31",2023-03-09,14H 0M 0S,"WLD","old",4,"WI",2023,68,"SO4",0.05,"MG/L","ANION",0.1,"<"
"CoBRA2023-31",2023-03-09,14H 0M 0S,"WLD","old",4,"WI",2023,68,"NH4",NA,"MG/L","METALS",NA,NA
"CoBRA2023-31",2023-03-09,14H 0M 0S,"WLD","old",4,"WI",2023,68,"PO4",NA,"MG/L","ANION",0.1,NA
"CoBRA2023-31",2023-03-09,14H 0M 0S,"WLD","old",4,"WI",2023,68,"NO3",NA,"MG/L","ANION",0.1,NA
"CoBRA2023-31",2023-03-09,14H 0M 0S,"WLD","old",4,"WI",2023,68,"Fe_II",27.75,"MG/L","METALS",0.03,"NONE"
"CoBRA2023-31",2023-03-09,14H 0M 0S,"WLD","old",4,"WI",2023,68,"Mn",10.69124741,"MG/L","METALS",0.04,"NONE"
"CoBRA2023-31",2023-03-09,14H 0M 0S,"WLD","old",4,"WI",2023,68,"Fe",34.50776375,"MG/L","METALS",0.04,"NONE"
"CoBRA2023-31",2023-03-09,14H 0M 0S,"WLD","old",4,"WI",2023,68,"Al",0.02,"MG/L","METALS",0.04,"<"
"CoBRA2023-31",2023-03-09,14H 0M 0S,"WLD","old",4,"WI",2023,68,"P",NA,"MG/L","METALS",NA,NA
"CoBRA2023-31",2023-03-09,14H 0M 0S,"WLD","old",4,"WI",2023,68,"Ca",178.7845151,"MG/L","METALS",0.5,"NONE"
"CoBRA2023-31",2023-03-09,14H 0M 0S,"WLD","old",4,"WI",2023,68,"Na",66.09468536,"MG/L","METALS",0.04,"NONE"
"CoBRA2023-31",2023-03-09,14H 0M 0S,"WLD","old",4,"WI",2023,68,"K",4.355264857,"MG/L","METALS",0.04,"NONE"
"CoBRA2023-31",2023-03-09,14H 0M 0S,"WLD","old",4,"WI",2023,68,"Mg",51.41305767,"MG/L","METALS",0.5,"NONE"
"CoBRA2023-31",2023-03-09,14H 0M 0S,"WLD","old",4,"WI",2023,68,"DIC",135.476,"MG/L","C",0.1,"NONE"
"CoBRA2023-32",2023-03-09,14H 15M 0S,"WLD","old",4,"WI",2023,68,"depth",20,"CM","PHYS",NA,"NONE"
"CoBRA2023-32",2023-03-09,14H 15M 0S,"WLD","old",4,"WI",2023,68,"pH",7.04,"UNITS","CHEM",NA,"NONE"
"CoBRA2023-32",2023-03-09,14H 15M 0S,"WLD","old",4,"WI",2023,68,"SpC",1386,"uS/CM","CHEM",NA,"NONE"
"CoBRA2023-32",2023-03-09,14H 15M 0S,"WLD","old",4,"WI",2023,68,"ORP",-126,"MV","CHEM",NA,"NONE"
"CoBRA2023-32",2023-03-09,14H 15M 0S,"WLD","old",4,"WI",2023,68,"temp",26.4,"C","CHEM",NA,"NONE"
"CoBRA2023-32",2023-03-09,14H 15M 0S,"WLD","old",4,"WI",2023,68,"DOC",13.25,"MG/L","C",0.1,"NONE"
"CoBRA2023-32",2023-03-09,14H 15M 0S,"WLD","old",4,"WI",2023,68,"TC",154.56,"MG/L","C",0.1,"NONE"
"CoBRA2023-32",2023-03-09,14H 15M 0S,"WLD","old",4,"WI",2023,68,"Cl",133.19,"MG/L","ANION",0.1,"NONE"
"CoBRA2023-32",2023-03-09,14H 15M 0S,"WLD","old",4,"WI",2023,68,"SO4",0.05,"MG/L","ANION",0.1,"<"
"CoBRA2023-32",2023-03-09,14H 15M 0S,"WLD","old",4,"WI",2023,68,"NH4",NA,"MG/L","METALS",NA,NA
"CoBRA2023-32",2023-03-09,14H 15M 0S,"WLD","old",4,"WI",2023,68,"PO4",NA,"MG/L","ANION",0.1,NA
"CoBRA2023-32",2023-03-09,14H 15M 0S,"WLD","old",4,"WI",2023,68,"NO3",NA,"MG/L","ANION",0.1,NA
"CoBRA2023-32",2023-03-09,14H 15M 0S,"WLD","old",4,"WI",2023,68,"Fe_II",33,"MG/L","METALS",0.03,"NONE"
"CoBRA2023-32",2023-03-09,14H 15M 0S,"WLD","old",4,"WI",2023,68,"Mn",11.65810031,"MG/L","METALS",0.04,"NONE"
"CoBRA2023-32",2023-03-09,14H 15M 0S,"WLD","old",4,"WI",2023,68,"Fe",44.84086893,"MG/L","METALS",0.04,"NONE"
"CoBRA2023-32",2023-03-09,14H 15M 0S,"WLD","old",4,"WI",2023,68,"Al",0.02,"MG/L","METALS",0.04,"<"
"CoBRA2023-32",2023-03-09,14H 15M 0S,"WLD","old",4,"WI",2023,68,"P",NA,"MG/L","METALS",NA,NA
"CoBRA2023-32",2023-03-09,14H 15M 0S,"WLD","old",4,"WI",2023,68,"Ca",222.5351005,"MG/L","METALS",0.5,"NONE"
"CoBRA2023-32",2023-03-09,14H 15M 0S,"WLD","old",4,"WI",2023,68,"Na",69.26854722,"MG/L","METALS",0.04,"NONE"
"CoBRA2023-32",2023-03-09,14H 15M 0S,"WLD","old",4,"WI",2023,68,"K",2.420850009,"MG/L","METALS",0.04,"NONE"
"CoBRA2023-32",2023-03-09,14H 15M 0S,"WLD","old",4,"WI",2023,68,"Mg",59.449871,"MG/L","METALS",0.5,"NONE"
"CoBRA2023-32",2023-03-09,14H 15M 0S,"WLD","old",4,"WI",2023,68,"DIC",141.31,"MG/L","C",0.1,"NONE"
"CoBRA2023-33",2023-03-09,14H 40M 0S,"WLD","old",4,"WI",2023,68,"depth",50,"CM","PHYS",NA,"NONE"
"CoBRA2023-33",2023-03-09,14H 40M 0S,"WLD","old",4,"WI",2023,68,"pH",7.18,"UNITS","CHEM",NA,"NONE"
"CoBRA2023-33",2023-03-09,14H 40M 0S,"WLD","old",4,"WI",2023,68,"SpC",1507,"uS/CM","CHEM",NA,"NONE"
"CoBRA2023-33",2023-03-09,14H 40M 0S,"WLD","old",4,"WI",2023,68,"ORP",-138,"MV","CHEM",NA,"NONE"
"CoBRA2023-33",2023-03-09,14H 40M 0S,"WLD","old",4,"WI",2023,68,"temp",26.3,"C","CHEM",NA,"NONE"
"CoBRA2023-33",2023-03-09,14H 40M 0S,"WLD","old",4,"WI",2023,68,"DOC",13.38,"MG/L","C",0.1,"NONE"
"CoBRA2023-33",2023-03-09,14H 40M 0S,"WLD","old",4,"WI",2023,68,"TC",168.183,"MG/L","C",0.1,"NONE"
"CoBRA2023-33",2023-03-09,14H 40M 0S,"WLD","old",4,"WI",2023,68,"Cl",98.55,"MG/L","ANION",0.1,"NONE"
"CoBRA2023-33",2023-03-09,14H 40M 0S,"WLD","old",4,"WI",2023,68,"SO4",0.05,"MG/L","ANION",0.1,"<"
"CoBRA2023-33",2023-03-09,14H 40M 0S,"WLD","old",4,"WI",2023,68,"NH4",NA,"MG/L","METALS",NA,NA
"CoBRA2023-33",2023-03-09,14H 40M 0S,"WLD","old",4,"WI",2023,68,"PO4",NA,"MG/L","ANION",0.1,NA
"CoBRA2023-33",2023-03-09,14H 40M 0S,"WLD","old",4,"WI",2023,68,"NO3",NA,"MG/L","ANION",0.1,NA
"CoBRA2023-33",2023-03-09,14H 40M 0S,"WLD","old",4,"WI",2023,68,"Fe_II",34,"MG/L","METALS",0.03,"NONE"
"CoBRA2023-33",2023-03-09,14H 40M 0S,"WLD","old",4,"WI",2023,68,"Mn",11.65803307,"MG/L","METALS",0.04,"NONE"
"CoBRA2023-33",2023-03-09,14H 40M 0S,"WLD","old",4,"WI",2023,68,"Fe",43.73459587,"MG/L","METALS",0.04,"NONE"
"CoBRA2023-33",2023-03-09,14H 40M 0S,"WLD","old",4,"WI",2023,68,"Al",0.02,"MG/L","METALS",0.04,"<"
"CoBRA2023-33",2023-03-09,14H 40M 0S,"WLD","old",4,"WI",2023,68,"P",NA,"MG/L","METALS",NA,NA
"CoBRA2023-33",2023-03-09,14H 40M 0S,"WLD","old",4,"WI",2023,68,"Ca",213.4114325,"MG/L","METALS",0.5,"NONE"
"CoBRA2023-33",2023-03-09,14H 40M 0S,"WLD","old",4,"WI",2023,68,"Na",72.11594325,"MG/L","METALS",0.04,"NONE"
"CoBRA2023-33",2023-03-09,14H 40M 0S,"WLD","old",4,"WI",2023,68,"K",2.629426747,"MG/L","METALS",0.04,"NONE"
"CoBRA2023-33",2023-03-09,14H 40M 0S,"WLD","old",4,"WI",2023,68,"Mg",59.57482199,"MG/L","METALS",0.5,"NONE"
"CoBRA2023-33",2023-03-09,14H 40M 0S,"WLD","old",4,"WI",2023,68,"DIC",154.803,"MG/L","C",0.1,"NONE"
"CoBRA2023-34",2023-03-09,15H 12M 0S,"WLD","old",5,"WS",2023,68,"depth",0,"CM","PHYS",NA,"NONE"
"CoBRA2023-34",2023-03-09,15H 12M 0S,"WLD","old",5,"WS",2023,68,"pH",7.51,"UNITS","CHEM",NA,"NONE"
"CoBRA2023-34",2023-03-09,15H 12M 0S,"WLD","old",5,"WS",2023,68,"SpC",354,"uS/CM","CHEM",NA,"NONE"
"CoBRA2023-34",2023-03-09,15H 12M 0S,"WLD","old",5,"WS",2023,68,"ORP",-8,"MV","CHEM",NA,"NONE"
"CoBRA2023-34",2023-03-09,15H 12M 0S,"WLD","old",5,"WS",2023,68,"temp",30.9,"C","CHEM",NA,"NONE"
"CoBRA2023-34",2023-03-09,15H 12M 0S,"WLD","old",5,"WS",2023,68,"DOC",12.9,"MG/L","C",0.1,"NONE"
"CoBRA2023-34",2023-03-09,15H 12M 0S,"WLD","old",5,"WS",2023,68,"TC",38.599,"MG/L","C",0.1,"NONE"
"CoBRA2023-34",2023-03-09,15H 12M 0S,"WLD","old",5,"WS",2023,68,"Cl",20.09,"MG/L","ANION",0.1,"NONE"
"CoBRA2023-34",2023-03-09,15H 12M 0S,"WLD","old",5,"WS",2023,68,"SO4",1.19,"MG/L","ANION",0.1,"NONE"
"CoBRA2023-34",2023-03-09,15H 12M 0S,"WLD","old",5,"WS",2023,68,"NH4",NA,"MG/L","METALS",NA,NA
"CoBRA2023-34",2023-03-09,15H 12M 0S,"WLD","old",5,"WS",2023,68,"PO4",NA,"MG/L","ANION",0.1,NA
"CoBRA2023-34",2023-03-09,15H 12M 0S,"WLD","old",5,"WS",2023,68,"NO3",NA,"MG/L","ANION",0.1,NA
"CoBRA2023-34",2023-03-09,15H 12M 0S,"WLD","old",5,"WS",2023,68,"Fe_II",2.25,"MG/L","METALS",0.03,"NONE"
"CoBRA2023-34",2023-03-09,15H 12M 0S,"WLD","old",5,"WS",2023,68,"Mn",2.776319641,"MG/L","METALS",0.04,"NONE"
"CoBRA2023-34",2023-03-09,15H 12M 0S,"WLD","old",5,"WS",2023,68,"Fe",3.15541992,"MG/L","METALS",0.04,"NONE"
"CoBRA2023-34",2023-03-09,15H 12M 0S,"WLD","old",5,"WS",2023,68,"Al",0.02,"MG/L","METALS",0.04,"<"
"CoBRA2023-34",2023-03-09,15H 12M 0S,"WLD","old",5,"WS",2023,68,"P",NA,"MG/L","METALS",NA,NA
"CoBRA2023-34",2023-03-09,15H 12M 0S,"WLD","old",5,"WS",2023,68,"Ca",39.85248631,"MG/L","METALS",0.5,"NONE"
"CoBRA2023-34",2023-03-09,15H 12M 0S,"WLD","old",5,"WS",2023,68,"Na",25.65089712,"MG/L","METALS",0.04,"NONE"
"CoBRA2023-34",2023-03-09,15H 12M 0S,"WLD","old",5,"WS",2023,68,"K",2.364276971,"MG/L","METALS",0.04,"NONE"
"CoBRA2023-34",2023-03-09,15H 12M 0S,"WLD","old",5,"WS",2023,68,"Mg",11.66480644,"MG/L","METALS",0.5,"NONE"
"CoBRA2023-34",2023-03-09,15H 12M 0S,"WLD","old",5,"WS",2023,68,"DIC",25.699,"MG/L","C",0.1,"NONE"
"CoBRA2023-35",2023-03-09,15H 19M 0S,"WLD","old",5,"WI",2023,68,"depth",10,"CM","PHYS",NA,"NONE"
"CoBRA2023-35",2023-03-09,15H 19M 0S,"WLD","old",5,"WI",2023,68,"pH",7.01,"UNITS","CHEM",NA,"NONE"
"CoBRA2023-35",2023-03-09,15H 19M 0S,"WLD","old",5,"WI",2023,68,"SpC",1120,"uS/CM","CHEM",NA,"NONE"
"CoBRA2023-35",2023-03-09,15H 19M 0S,"WLD","old",5,"WI",2023,68,"ORP",-83,"MV","CHEM",NA,"NONE"
"CoBRA2023-35",2023-03-09,15H 19M 0S,"WLD","old",5,"WI",2023,68,"temp",29.2,"C","CHEM",NA,"NONE"
"CoBRA2023-35",2023-03-09,15H 19M 0S,"WLD","old",5,"WI",2023,68,"DOC",15.24,"MG/L","C",0.1,"NONE"
"CoBRA2023-35",2023-03-09,15H 19M 0S,"WLD","old",5,"WI",2023,68,"TC",138.346,"MG/L","C",0.1,"NONE"
"CoBRA2023-35",2023-03-09,15H 19M 0S,"WLD","old",5,"WI",2023,68,"Cl",62.78,"MG/L","ANION",0.1,"NONE"
"CoBRA2023-35",2023-03-09,15H 19M 0S,"WLD","old",5,"WI",2023,68,"SO4",0.05,"MG/L","ANION",0.1,"<"
"CoBRA2023-35",2023-03-09,15H 19M 0S,"WLD","old",5,"WI",2023,68,"NH4",NA,"MG/L","METALS",NA,NA
"CoBRA2023-35",2023-03-09,15H 19M 0S,"WLD","old",5,"WI",2023,68,"PO4",NA,"MG/L","ANION",0.1,NA
"CoBRA2023-35",2023-03-09,15H 19M 0S,"WLD","old",5,"WI",2023,68,"NO3",NA,"MG/L","ANION",0.1,NA
"CoBRA2023-35",2023-03-09,15H 19M 0S,"WLD","old",5,"WI",2023,68,"Fe_II",16.75,"MG/L","METALS",0.03,"NONE"
"CoBRA2023-35",2023-03-09,15H 19M 0S,"WLD","old",5,"WI",2023,68,"Mn",7.214045397,"MG/L","METALS",0.04,"NONE"
"CoBRA2023-35",2023-03-09,15H 19M 0S,"WLD","old",5,"WI",2023,68,"Fe",22.98813845,"MG/L","METALS",0.04,"NONE"
"CoBRA2023-35",2023-03-09,15H 19M 0S,"WLD","old",5,"WI",2023,68,"Al",0.02,"MG/L","METALS",0.04,"<"
"CoBRA2023-35",2023-03-09,15H 19M 0S,"WLD","old",5,"WI",2023,68,"P",NA,"MG/L","METALS",NA,NA
"CoBRA2023-35",2023-03-09,15H 19M 0S,"WLD","old",5,"WI",2023,68,"Ca",147.8481713,"MG/L","METALS",0.5,"NONE"
"CoBRA2023-35",2023-03-09,15H 19M 0S,"WLD","old",5,"WI",2023,68,"Na",56.47441103,"MG/L","METALS",0.04,"NONE"
"CoBRA2023-35",2023-03-09,15H 19M 0S,"WLD","old",5,"WI",2023,68,"K",6.891057265,"MG/L","METALS",0.04,"NONE"
"CoBRA2023-35",2023-03-09,15H 19M 0S,"WLD","old",5,"WI",2023,68,"Mg",41.76652924,"MG/L","METALS",0.5,"NONE"
"CoBRA2023-35",2023-03-09,15H 19M 0S,"WLD","old",5,"WI",2023,68,"DIC",123.106,"MG/L","C",0.1,"NONE"
"CoBRA2023-36",2023-03-09,15H 26M 0S,"WLD","old",5,"WI",2023,68,"depth",20,"CM","PHYS",NA,"NONE"
"CoBRA2023-36",2023-03-09,15H 26M 0S,"WLD","old",5,"WI",2023,68,"pH",6.99,"UNITS","CHEM",NA,"NONE"
"CoBRA2023-36",2023-03-09,15H 26M 0S,"WLD","old",5,"WI",2023,68,"SpC",1380,"uS/CM","CHEM",NA,"NONE"
"CoBRA2023-36",2023-03-09,15H 26M 0S,"WLD","old",5,"WI",2023,68,"ORP",-104,"MV","CHEM",NA,"NONE"
"CoBRA2023-36",2023-03-09,15H 26M 0S,"WLD","old",5,"WI",2023,68,"temp",29.5,"C","CHEM",NA,"NONE"
"CoBRA2023-36",2023-03-09,15H 26M 0S,"WLD","old",5,"WI",2023,68,"DOC",18.37,"MG/L","C",0.1,"NONE"
"CoBRA2023-36",2023-03-09,15H 26M 0S,"WLD","old",5,"WI",2023,68,"TC",168.087,"MG/L","C",0.1,"NONE"
"CoBRA2023-36",2023-03-09,15H 26M 0S,"WLD","old",5,"WI",2023,68,"Cl",73.93,"MG/L","ANION",0.1,"NONE"
"CoBRA2023-36",2023-03-09,15H 26M 0S,"WLD","old",5,"WI",2023,68,"SO4",0.05,"MG/L","ANION",0.1,"<"
"CoBRA2023-36",2023-03-09,15H 26M 0S,"WLD","old",5,"WI",2023,68,"NH4",NA,"MG/L","METALS",NA,NA
"CoBRA2023-36",2023-03-09,15H 26M 0S,"WLD","old",5,"WI",2023,68,"PO4",NA,"MG/L","ANION",0.1,NA
"CoBRA2023-36",2023-03-09,15H 26M 0S,"WLD","old",5,"WI",2023,68,"NO3",NA,"MG/L","ANION",0.1,NA
"CoBRA2023-36",2023-03-09,15H 26M 0S,"WLD","old",5,"WI",2023,68,"Fe_II",23,"MG/L","METALS",0.03,"NONE"
"CoBRA2023-36",2023-03-09,15H 26M 0S,"WLD","old",5,"WI",2023,68,"Mn",9.105057712,"MG/L","METALS",0.04,"NONE"
"CoBRA2023-36",2023-03-09,15H 26M 0S,"WLD","old",5,"WI",2023,68,"Fe",29.03885981,"MG/L","METALS",0.04,"NONE"
"CoBRA2023-36",2023-03-09,15H 26M 0S,"WLD","old",5,"WI",2023,68,"Al",0.02,"MG/L","METALS",0.04,"<"
"CoBRA2023-36",2023-03-09,15H 26M 0S,"WLD","old",5,"WI",2023,68,"P",NA,"MG/L","METALS",NA,NA
"CoBRA2023-36",2023-03-09,15H 26M 0S,"WLD","old",5,"WI",2023,68,"Ca",83.11701069,"MG/L","METALS",0.5,"NONE"
"CoBRA2023-36",2023-03-09,15H 26M 0S,"WLD","old",5,"WI",2023,68,"Na",69.06423038,"MG/L","METALS",0.04,"NONE"
"CoBRA2023-36",2023-03-09,15H 26M 0S,"WLD","old",5,"WI",2023,68,"K",6.848108977,"MG/L","METALS",0.04,"NONE"
"CoBRA2023-36",2023-03-09,15H 26M 0S,"WLD","old",5,"WI",2023,68,"Mg",52.07618884,"MG/L","METALS",0.5,"NONE"
"CoBRA2023-36",2023-03-09,15H 26M 0S,"WLD","old",5,"WI",2023,68,"DIC",149.717,"MG/L","C",0.1,"NONE"
"CoBRA2023-37",2023-03-09,15H 34M 0S,"WLD","old",5,"WI",2023,68,"depth",30,"CM","PHYS",NA,"NONE"
"CoBRA2023-37",2023-03-09,15H 34M 0S,"WLD","old",5,"WI",2023,68,"pH",7.02,"UNITS","CHEM",NA,"NONE"
"CoBRA2023-37",2023-03-09,15H 34M 0S,"WLD","old",5,"WI",2023,68,"SpC",1384,"uS/CM","CHEM",NA,"NONE"
"CoBRA2023-37",2023-03-09,15H 34M 0S,"WLD","old",5,"WI",2023,68,"ORP",-97,"MV","CHEM",NA,"NONE"
"CoBRA2023-37",2023-03-09,15H 34M 0S,"WLD","old",5,"WI",2023,68,"temp",29.4,"C","CHEM",NA,"NONE"
"CoBRA2023-37",2023-03-09,15H 34M 0S,"WLD","old",5,"WI",2023,68,"DOC",18.92,"MG/L","C",0.1,"NONE"
"CoBRA2023-37",2023-03-09,15H 34M 0S,"WLD","old",5,"WI",2023,68,"TC",164.537,"MG/L","C",0.1,"NONE"
"CoBRA2023-37",2023-03-09,15H 34M 0S,"WLD","old",5,"WI",2023,68,"Cl",88.32,"MG/L","ANION",0.1,"NONE"
"CoBRA2023-37",2023-03-09,15H 34M 0S,"WLD","old",5,"WI",2023,68,"SO4",0.05,"MG/L","ANION",0.1,"<"
"CoBRA2023-37",2023-03-09,15H 34M 0S,"WLD","old",5,"WI",2023,68,"NH4",NA,"MG/L","METALS",NA,NA
"CoBRA2023-37",2023-03-09,15H 34M 0S,"WLD","old",5,"WI",2023,68,"PO4",NA,"MG/L","ANION",0.1,NA
"CoBRA2023-37",2023-03-09,15H 34M 0S,"WLD","old",5,"WI",2023,68,"NO3",NA,"MG/L","ANION",0.1,NA
"CoBRA2023-37",2023-03-09,15H 34M 0S,"WLD","old",5,"WI",2023,68,"Fe_II",21.5,"MG/L","METALS",0.03,"NONE"
"CoBRA2023-37",2023-03-09,15H 34M 0S,"WLD","old",5,"WI",2023,68,"Mn",9.318188307,"MG/L","METALS",0.04,"NONE"
"CoBRA2023-37",2023-03-09,15H 34M 0S,"WLD","old",5,"WI",2023,68,"Fe",30.12061011,"MG/L","METALS",0.04,"NONE"
"CoBRA2023-37",2023-03-09,15H 34M 0S,"WLD","old",5,"WI",2023,68,"Al",0.02,"MG/L","METALS",0.04,"<"
"CoBRA2023-37",2023-03-09,15H 34M 0S,"WLD","old",5,"WI",2023,68,"P",NA,"MG/L","METALS",NA,NA
"CoBRA2023-37",2023-03-09,15H 34M 0S,"WLD","old",5,"WI",2023,68,"Ca",127.4533647,"MG/L","METALS",0.5,"NONE"
"CoBRA2023-37",2023-03-09,15H 34M 0S,"WLD","old",5,"WI",2023,68,"Na",72.14714756,"MG/L","METALS",0.04,"NONE"
"CoBRA2023-37",2023-03-09,15H 34M 0S,"WLD","old",5,"WI",2023,68,"K",6.630219357,"MG/L","METALS",0.04,"NONE"
"CoBRA2023-37",2023-03-09,15H 34M 0S,"WLD","old",5,"WI",2023,68,"Mg",53.53301071,"MG/L","METALS",0.5,"NONE"
"CoBRA2023-37",2023-03-09,15H 34M 0S,"WLD","old",5,"WI",2023,68,"DIC",145.617,"MG/L","C",0.1,"NONE"
"CoBRA2023-38",2023-03-09,15H 41M 0S,"WLD","old",5,"WI",2023,68,"depth",50,"CM","PHYS",NA,"NONE"
"CoBRA2023-38",2023-03-09,15H 41M 0S,"WLD","old",5,"WI",2023,68,"pH",7,"UNITS","CHEM",NA,"NONE"
"CoBRA2023-38",2023-03-09,15H 41M 0S,"WLD","old",5,"WI",2023,68,"SpC",2150,"uS/CM","CHEM",NA,"NONE"
"CoBRA2023-38",2023-03-09,15H 41M 0S,"WLD","old",5,"WI",2023,68,"ORP",-129,"MV","CHEM",NA,"NONE"
"CoBRA2023-38",2023-03-09,15H 41M 0S,"WLD","old",5,"WI",2023,68,"temp",29.3,"C","CHEM",NA,"NONE"
"CoBRA2023-38",2023-03-09,15H 41M 0S,"WLD","old",5,"WI",2023,68,"DOC",25.41,"MG/L","C",0.1,"NONE"
"CoBRA2023-38",2023-03-09,15H 41M 0S,"WLD","old",5,"WI",2023,68,"TC",275.442,"MG/L","C",0.1,"NONE"
"CoBRA2023-38",2023-03-09,15H 41M 0S,"WLD","old",5,"WI",2023,68,"Cl",159.64,"MG/L","ANION",0.1,"NONE"
"CoBRA2023-38",2023-03-09,15H 41M 0S,"WLD","old",5,"WI",2023,68,"SO4",0.05,"MG/L","ANION",0.1,"<"
"CoBRA2023-38",2023-03-09,15H 41M 0S,"WLD","old",5,"WI",2023,68,"NH4",NA,"MG/L","METALS",NA,NA
"CoBRA2023-38",2023-03-09,15H 41M 0S,"WLD","old",5,"WI",2023,68,"PO4",NA,"MG/L","ANION",0.1,NA
"CoBRA2023-38",2023-03-09,15H 41M 0S,"WLD","old",5,"WI",2023,68,"NO3",NA,"MG/L","ANION",0.1,NA
"CoBRA2023-38",2023-03-09,15H 41M 0S,"WLD","old",5,"WI",2023,68,"Fe_II",28.75,"MG/L","METALS",0.03,"NONE"
"CoBRA2023-38",2023-03-09,15H 41M 0S,"WLD","old",5,"WI",2023,68,"Mn",11.4513314,"MG/L","METALS",0.04,"NONE"
"CoBRA2023-38",2023-03-09,15H 41M 0S,"WLD","old",5,"WI",2023,68,"Fe",45.12526107,"MG/L","METALS",0.04,"NONE"
"CoBRA2023-38",2023-03-09,15H 41M 0S,"WLD","old",5,"WI",2023,68,"Al",0.02,"MG/L","METALS",0.04,"<"
"CoBRA2023-38",2023-03-09,15H 41M 0S,"WLD","old",5,"WI",2023,68,"P",NA,"MG/L","METALS",NA,NA
"CoBRA2023-38",2023-03-09,15H 41M 0S,"WLD","old",5,"WI",2023,68,"Ca",324.507573,"MG/L","METALS",0.5,"NONE"
"CoBRA2023-38",2023-03-09,15H 41M 0S,"WLD","old",5,"WI",2023,68,"Na",128.3554638,"MG/L","METALS",0.04,"NONE"
"CoBRA2023-38",2023-03-09,15H 41M 0S,"WLD","old",5,"WI",2023,68,"K",3.628089043,"MG/L","METALS",0.04,"NONE"
"CoBRA2023-38",2023-03-09,15H 41M 0S,"WLD","old",5,"WI",2023,68,"Mg",85.17586371,"MG/L","METALS",0.5,"NONE"
"CoBRA2023-38",2023-03-09,15H 41M 0S,"WLD","old",5,"WI",2023,68,"DIC",250.032,"MG/L","C",0.1,"NONE"
"CoBRA2023-39",2023-03-09,15H 57M 0S,"WLD","old",6,"WS",2023,68,"depth",0,"CM","PHYS",NA,"NONE"
"CoBRA2023-39",2023-03-09,15H 57M 0S,"WLD","old",6,"WS",2023,68,"pH",7.37,"UNITS","CHEM",NA,"NONE"
"CoBRA2023-39",2023-03-09,15H 57M 0S,"WLD","old",6,"WS",2023,68,"SpC",370,"uS/CM","CHEM",NA,"NONE"
"CoBRA2023-39",2023-03-09,15H 57M 0S,"WLD","old",6,"WS",2023,68,"ORP",-55,"MV","CHEM",NA,"NONE"
"CoBRA2023-39",2023-03-09,15H 57M 0S,"WLD","old",6,"WS",2023,68,"temp",28.2,"C","CHEM",NA,"NONE"
"CoBRA2023-39",2023-03-09,15H 57M 0S,"WLD","old",6,"WS",2023,68,"DOC",12.94,"MG/L","C",0.1,"NONE"
"CoBRA2023-39",2023-03-09,15H 57M 0S,"WLD","old",6,"WS",2023,68,"TC",39.98,"MG/L","C",0.1,"NONE"
"CoBRA2023-39",2023-03-09,15H 57M 0S,"WLD","old",6,"WS",2023,68,"Cl",10.12,"MG/L","ANION",0.1,"NONE"
"CoBRA2023-39",2023-03-09,15H 57M 0S,"WLD","old",6,"WS",2023,68,"SO4",0.68,"MG/L","ANION",0.1,"NONE"
"CoBRA2023-39",2023-03-09,15H 57M 0S,"WLD","old",6,"WS",2023,68,"NH4",NA,"MG/L","METALS",NA,NA
"CoBRA2023-39",2023-03-09,15H 57M 0S,"WLD","old",6,"WS",2023,68,"PO4",NA,"MG/L","ANION",0.1,NA
"CoBRA2023-39",2023-03-09,15H 57M 0S,"WLD","old",6,"WS",2023,68,"NO3",NA,"MG/L","ANION",0.1,NA
"CoBRA2023-39",2023-03-09,15H 57M 0S,"WLD","old",6,"WS",2023,68,"Fe_II",3.75,"MG/L","METALS",0.03,"NONE"
"CoBRA2023-39",2023-03-09,15H 57M 0S,"WLD","old",6,"WS",2023,68,"Mn",2.574410184,"MG/L","METALS",0.04,"NONE"
"CoBRA2023-39",2023-03-09,15H 57M 0S,"WLD","old",6,"WS",2023,68,"Fe",4.192498832,"MG/L","METALS",0.04,"NONE"
"CoBRA2023-39",2023-03-09,15H 57M 0S,"WLD","old",6,"WS",2023,68,"Al",0.02,"MG/L","METALS",0.04,"<"
"CoBRA2023-39",2023-03-09,15H 57M 0S,"WLD","old",6,"WS",2023,68,"P",NA,"MG/L","METALS",NA,NA
"CoBRA2023-39",2023-03-09,15H 57M 0S,"WLD","old",6,"WS",2023,68,"Ca",40.31933802,"MG/L","METALS",0.5,"NONE"
"CoBRA2023-39",2023-03-09,15H 57M 0S,"WLD","old",6,"WS",2023,68,"Na",27.08261878,"MG/L","METALS",0.04,"NONE"
"CoBRA2023-39",2023-03-09,15H 57M 0S,"WLD","old",6,"WS",2023,68,"K",2.599472637,"MG/L","METALS",0.04,"NONE"
"CoBRA2023-39",2023-03-09,15H 57M 0S,"WLD","old",6,"WS",2023,68,"Mg",11.7331465,"MG/L","METALS",0.5,"NONE"
"CoBRA2023-39",2023-03-09,15H 57M 0S,"WLD","old",6,"WS",2023,68,"DIC",27.04,"MG/L","C",0.1,"NONE"
"CoBRA2023-40",2023-03-09,16H 6M 0S,"WLD","old",6,"WI",2023,68,"depth",50,"CM","PHYS",NA,"NONE"
"CoBRA2023-40",2023-03-09,16H 6M 0S,"WLD","old",6,"WI",2023,68,"pH",7,"UNITS","CHEM",NA,"NONE"
"CoBRA2023-40",2023-03-09,16H 6M 0S,"WLD","old",6,"WI",2023,68,"SpC",1806,"uS/CM","CHEM",NA,"NONE"
"CoBRA2023-40",2023-03-09,16H 6M 0S,"WLD","old",6,"WI",2023,68,"ORP",-123,"MV","CHEM",NA,"NONE"
"CoBRA2023-40",2023-03-09,16H 6M 0S,"WLD","old",6,"WI",2023,68,"temp",28.4,"C","CHEM",NA,"NONE"
"CoBRA2023-40",2023-03-09,16H 6M 0S,"WLD","old",6,"WI",2023,68,"DOC",22.42,"MG/L","C",0.1,"NONE"
"CoBRA2023-40",2023-03-09,16H 6M 0S,"WLD","old",6,"WI",2023,68,"TC",218.071,"MG/L","C",0.1,"NONE"
"CoBRA2023-40",2023-03-09,16H 6M 0S,"WLD","old",6,"WI",2023,68,"Cl",120.07,"MG/L","ANION",0.1,"NONE"
"CoBRA2023-40",2023-03-09,16H 6M 0S,"WLD","old",6,"WI",2023,68,"SO4",0.05,"MG/L","ANION",0.1,"<"
"CoBRA2023-40",2023-03-09,16H 6M 0S,"WLD","old",6,"WI",2023,68,"NH4",NA,"MG/L","METALS",NA,NA
"CoBRA2023-40",2023-03-09,16H 6M 0S,"WLD","old",6,"WI",2023,68,"PO4",NA,"MG/L","ANION",0.1,NA
"CoBRA2023-40",2023-03-09,16H 6M 0S,"WLD","old",6,"WI",2023,68,"NO3",NA,"MG/L","ANION",0.1,NA
"CoBRA2023-40",2023-03-09,16H 6M 0S,"WLD","old",6,"WI",2023,68,"Fe_II",36.5,"MG/L","METALS",0.03,"NONE"
"CoBRA2023-40",2023-03-09,16H 6M 0S,"WLD","old",6,"WI",2023,68,"Mn",12.69177786,"MG/L","METALS",0.04,"NONE"
"CoBRA2023-40",2023-03-09,16H 6M 0S,"WLD","old",6,"WI",2023,68,"Fe",46.48375527,"MG/L","METALS",0.04,"NONE"
"CoBRA2023-40",2023-03-09,16H 6M 0S,"WLD","old",6,"WI",2023,68,"Al",0.02,"MG/L","METALS",0.04,"<"
"CoBRA2023-40",2023-03-09,16H 6M 0S,"WLD","old",6,"WI",2023,68,"P",NA,"MG/L","METALS",NA,NA
"CoBRA2023-40",2023-03-09,16H 6M 0S,"WLD","old",6,"WI",2023,68,"Ca",251.2963907,"MG/L","METALS",0.5,"NONE"
"CoBRA2023-40",2023-03-09,16H 6M 0S,"WLD","old",6,"WI",2023,68,"Na",101.0265049,"MG/L","METALS",0.04,"NONE"
"CoBRA2023-40",2023-03-09,16H 6M 0S,"WLD","old",6,"WI",2023,68,"K",4.526709472,"MG/L","METALS",0.04,"NONE"
"CoBRA2023-40",2023-03-09,16H 6M 0S,"WLD","old",6,"WI",2023,68,"Mg",69.62939089,"MG/L","METALS",0.5,"NONE"
"CoBRA2023-40",2023-03-09,16H 6M 0S,"WLD","old",6,"WI",2023,68,"DIC",195.651,"MG/L","C",0.1,"NONE"
"CoBRA2023-41",2023-03-09,16H 14M 0S,"WLD","old",6,"WI",2023,68,"depth",30,"CM","PHYS",NA,"NONE"
"CoBRA2023-41",2023-03-09,16H 14M 0S,"WLD","old",6,"WI",2023,68,"pH",7.02,"UNITS","CHEM",NA,"NONE"
"CoBRA2023-41",2023-03-09,16H 14M 0S,"WLD","old",6,"WI",2023,68,"SpC",1265,"uS/CM","CHEM",NA,"NONE"
"CoBRA2023-41",2023-03-09,16H 14M 0S,"WLD","old",6,"WI",2023,68,"ORP",-104,"MV","CHEM",NA,"NONE"
"CoBRA2023-41",2023-03-09,16H 14M 0S,"WLD","old",6,"WI",2023,68,"temp",27.5,"C","CHEM",NA,"NONE"
"CoBRA2023-41",2023-03-09,16H 14M 0S,"WLD","old",6,"WI",2023,68,"DOC",16.63,"MG/L","C",0.1,"NONE"
"CoBRA2023-41",2023-03-09,16H 14M 0S,"WLD","old",6,"WI",2023,68,"TC",151.01,"MG/L","C",0.1,"NONE"
"CoBRA2023-41",2023-03-09,16H 14M 0S,"WLD","old",6,"WI",2023,68,"Cl",65.93,"MG/L","ANION",0.1,"NONE"
"CoBRA2023-41",2023-03-09,16H 14M 0S,"WLD","old",6,"WI",2023,68,"SO4",0.05,"MG/L","ANION",0.1,"<"
"CoBRA2023-41",2023-03-09,16H 14M 0S,"WLD","old",6,"WI",2023,68,"NH4",NA,"MG/L","METALS",NA,NA
"CoBRA2023-41",2023-03-09,16H 14M 0S,"WLD","old",6,"WI",2023,68,"PO4",NA,"MG/L","ANION",0.1,NA
"CoBRA2023-41",2023-03-09,16H 14M 0S,"WLD","old",6,"WI",2023,68,"NO3",NA,"MG/L","ANION",0.1,NA
"CoBRA2023-41",2023-03-09,16H 14M 0S,"WLD","old",6,"WI",2023,68,"Fe_II",27.5,"MG/L","METALS",0.03,"NONE"
"CoBRA2023-41",2023-03-09,16H 14M 0S,"WLD","old",6,"WI",2023,68,"Mn",8.355252493,"MG/L","METALS",0.04,"NONE"
"CoBRA2023-41",2023-03-09,16H 14M 0S,"WLD","old",6,"WI",2023,68,"Fe",32.87662181,"MG/L","METALS",0.04,"NONE"
"CoBRA2023-41",2023-03-09,16H 14M 0S,"WLD","old",6,"WI",2023,68,"Al",0.02,"MG/L","METALS",0.04,"<"
"CoBRA2023-41",2023-03-09,16H 14M 0S,"WLD","old",6,"WI",2023,68,"P",NA,"MG/L","METALS",NA,NA
"CoBRA2023-41",2023-03-09,16H 14M 0S,"WLD","old",6,"WI",2023,68,"Ca",149.5590254,"MG/L","METALS",0.5,"NONE"
"CoBRA2023-41",2023-03-09,16H 14M 0S,"WLD","old",6,"WI",2023,68,"Na",60.72340609,"MG/L","METALS",0.04,"NONE"
"CoBRA2023-41",2023-03-09,16H 14M 0S,"WLD","old",6,"WI",2023,68,"K",7.033240557,"MG/L","METALS",0.04,"NONE"
"CoBRA2023-41",2023-03-09,16H 14M 0S,"WLD","old",6,"WI",2023,68,"Mg",42.23942834,"MG/L","METALS",0.5,"NONE"
"CoBRA2023-41",2023-03-09,16H 14M 0S,"WLD","old",6,"WI",2023,68,"DIC",134.38,"MG/L","C",0.1,"NONE"
"CoBRA2023-42",2023-03-09,16H 22M 0S,"WLD","old",6,"WI",2023,68,"depth",20,"CM","PHYS",NA,"NONE"
"CoBRA2023-42",2023-03-09,16H 22M 0S,"WLD","old",6,"WI",2023,68,"pH",6.92,"UNITS","CHEM",NA,"NONE"
"CoBRA2023-42",2023-03-09,16H 22M 0S,"WLD","old",6,"WI",2023,68,"SpC",1134,"uS/CM","CHEM",NA,"NONE"
"CoBRA2023-42",2023-03-09,16H 22M 0S,"WLD","old",6,"WI",2023,68,"ORP",-81,"MV","CHEM",NA,"NONE"
"CoBRA2023-42",2023-03-09,16H 22M 0S,"WLD","old",6,"WI",2023,68,"temp",26.9,"C","CHEM",NA,"NONE"
"CoBRA2023-42",2023-03-09,16H 22M 0S,"WLD","old",6,"WI",2023,68,"DOC",15.11,"MG/L","C",0.1,"NONE"
"CoBRA2023-42",2023-03-09,16H 22M 0S,"WLD","old",6,"WI",2023,68,"TC",136.044,"MG/L","C",0.1,"NONE"
"CoBRA2023-42",2023-03-09,16H 22M 0S,"WLD","old",6,"WI",2023,68,"Cl",59.26,"MG/L","ANION",0.1,"NONE"
"CoBRA2023-42",2023-03-09,16H 22M 0S,"WLD","old",6,"WI",2023,68,"SO4",0.05,"MG/L","ANION",0.1,"<"
"CoBRA2023-42",2023-03-09,16H 22M 0S,"WLD","old",6,"WI",2023,68,"NH4",NA,"MG/L","METALS",NA,NA
"CoBRA2023-42",2023-03-09,16H 22M 0S,"WLD","old",6,"WI",2023,68,"PO4",NA,"MG/L","ANION",0.1,NA
"CoBRA2023-42",2023-03-09,16H 22M 0S,"WLD","old",6,"WI",2023,68,"NO3",NA,"MG/L","ANION",0.1,NA
"CoBRA2023-42",2023-03-09,16H 22M 0S,"WLD","old",6,"WI",2023,68,"Fe_II",25,"MG/L","METALS",0.03,"NONE"
"CoBRA2023-42",2023-03-09,16H 22M 0S,"WLD","old",6,"WI",2023,68,"Mn",7.933628079,"MG/L","METALS",0.04,"NONE"
"CoBRA2023-42",2023-03-09,16H 22M 0S,"WLD","old",6,"WI",2023,68,"Fe",29.53857892,"MG/L","METALS",0.04,"NONE"
"CoBRA2023-42",2023-03-09,16H 22M 0S,"WLD","old",6,"WI",2023,68,"Al",0.02,"MG/L","METALS",0.04,"<"
"CoBRA2023-42",2023-03-09,16H 22M 0S,"WLD","old",6,"WI",2023,68,"P",NA,"MG/L","METALS",NA,NA
"CoBRA2023-42",2023-03-09,16H 22M 0S,"WLD","old",6,"WI",2023,68,"Ca",139.7095007,"MG/L","METALS",0.5,"NONE"
"CoBRA2023-42",2023-03-09,16H 22M 0S,"WLD","old",6,"WI",2023,68,"Na",53.6332285,"MG/L","METALS",0.04,"NONE"
"CoBRA2023-42",2023-03-09,16H 22M 0S,"WLD","old",6,"WI",2023,68,"K",6.237579912,"MG/L","METALS",0.04,"NONE"
"CoBRA2023-42",2023-03-09,16H 22M 0S,"WLD","old",6,"WI",2023,68,"Mg",38.366077,"MG/L","METALS",0.5,"NONE"
"CoBRA2023-42",2023-03-09,16H 22M 0S,"WLD","old",6,"WI",2023,68,"DIC",120.934,"MG/L","C",0.1,"NONE"
"CoBRA2023-43",2023-03-09,20H 24M 0S,"WLD","blank",NA,"OAQ",2023,68,"depth",NA,"CM","PHYS",NA,"NONE"
"CoBRA2023-43",2023-03-09,20H 24M 0S,"WLD","blank",NA,"OAQ",2023,68,"pH",NA,"UNITS","CHEM",NA,"NONE"
"CoBRA2023-43",2023-03-09,20H 24M 0S,"WLD","blank",NA,"OAQ",2023,68,"SpC",NA,"uS/CM","CHEM",NA,"NONE"
"CoBRA2023-43",2023-03-09,20H 24M 0S,"WLD","blank",NA,"OAQ",2023,68,"ORP",NA,"MV","CHEM",NA,"NONE"
"CoBRA2023-43",2023-03-09,20H 24M 0S,"WLD","blank",NA,"OAQ",2023,68,"temp",NA,"C","CHEM",NA,"NONE"
"CoBRA2023-43",2023-03-09,20H 24M 0S,"WLD","blank",NA,"OAQ",2023,68,"DOC",0.1598,"MG/L","C",0.1,"NONE"
"CoBRA2023-43",2023-03-09,20H 24M 0S,"WLD","blank",NA,"OAQ",2023,68,"TC",1.317,"MG/L","C",0.1,"NONE"
"CoBRA2023-43",2023-03-09,20H 24M 0S,"WLD","blank",NA,"OAQ",2023,68,"Cl",0.05,"MG/L","ANION",0.1,"<"
"CoBRA2023-43",2023-03-09,20H 24M 0S,"WLD","blank",NA,"OAQ",2023,68,"SO4",0.05,"MG/L","ANION",0.1,"<"
"CoBRA2023-43",2023-03-09,20H 24M 0S,"WLD","blank",NA,"OAQ",2023,68,"NH4",NA,"MG/L","METALS",NA,NA
"CoBRA2023-43",2023-03-09,20H 24M 0S,"WLD","blank",NA,"OAQ",2023,68,"PO4",NA,"MG/L","ANION",0.1,NA
"CoBRA2023-43",2023-03-09,20H 24M 0S,"WLD","blank",NA,"OAQ",2023,68,"NO3",NA,"MG/L","ANION",0.1,NA
"CoBRA2023-43",2023-03-09,20H 24M 0S,"WLD","blank",NA,"OAQ",2023,68,"Fe_II",0.015,"MG/L","METALS",0.03,"<"
"CoBRA2023-43",2023-03-09,20H 24M 0S,"WLD","blank",NA,"OAQ",2023,68,"Mn",0.02,"MG/L","METALS",0.04,"<"
"CoBRA2023-43",2023-03-09,20H 24M 0S,"WLD","blank",NA,"OAQ",2023,68,"Fe",0.02,"MG/L","METALS",0.04,"<"
"CoBRA2023-43",2023-03-09,20H 24M 0S,"WLD","blank",NA,"OAQ",2023,68,"Al",0.02,"MG/L","METALS",0.04,"<"
"CoBRA2023-43",2023-03-09,20H 24M 0S,"WLD","blank",NA,"OAQ",2023,68,"P",NA,"MG/L","METALS",NA,NA
"CoBRA2023-43",2023-03-09,20H 24M 0S,"WLD","blank",NA,"OAQ",2023,68,"Ca",1.121019198,"MG/L","METALS",0.5,"NONE"
"CoBRA2023-43",2023-03-09,20H 24M 0S,"WLD","blank",NA,"OAQ",2023,68,"Na",19.10333656,"MG/L","METALS",0.04,"NONE"
"CoBRA2023-43",2023-03-09,20H 24M 0S,"WLD","blank",NA,"OAQ",2023,68,"K",0.02,"MG/L","METALS",0.04,"<"
"CoBRA2023-43",2023-03-09,20H 24M 0S,"WLD","blank",NA,"OAQ",2023,68,"Mg",2.293945319,"MG/L","METALS",0.5,"NONE"
"CoBRA2023-43",2023-03-09,20H 24M 0S,"WLD","blank",NA,"OAQ",2023,68,"DIC",1.1572,"MG/L","C",0.1,"NONE"
